3.001421285787927218e+00,5.639667414357907305e-01,0.000000000000000000e+00
3.759803134285095272e+00,2.376317429219826582e+00,0.000000000000000000e+00
2.212503613308766770e+00,2.346862486390850489e+00,1.000000000000000000e+00
3.175404115013944928e+00,2.252018964323977190e+00,1.000000000000000000e+00
3.456039019947705349e+00,3.579546316176805298e+00,1.000000000000000000e+00
8.482966553618345174e-01,1.479070830911260348e+00,0.000000000000000000e+00
2.373643331489594832e+00,3.517619026723743936e+00,0.000000000000000000e+00
3.673328291778870103e-01,1.447870587143444077e+00,0.000000000000000000e+00
8.461430901572106755e-01,2.938350371140032724e+00,1.000000000000000000e+00
7.434161318665015727e-01,3.519886375370895326e+00,1.000000000000000000e+00
3.644174859933659860e-01,3.202808758081047813e+00,0.000000000000000000e+00
3.605692619557069989e+00,4.581785314179169788e-01,1.000000000000000000e+00
2.385258957945096014e+00,2.478401201872742821e+00,1.000000000000000000e+00
3.490149915088704979e+00,4.958225760832060125e-01,0.000000000000000000e+00
1.359356473769044893e+00,1.799066491219579067e+00,0.000000000000000000e+00
1.685950094884654860e+00,1.754126936650688862e+00,1.000000000000000000e+00
1.997369619316172074e+00,8.828634712628931069e-01,1.000000000000000000e+00
3.060451347814685530e+00,1.651749920028171115e+00,0.000000000000000000e+00
5.100770089629858006e-01,3.818161489827509580e+00,1.000000000000000000e+00
2.614173001218640380e+00,2.906261940944622868e+00,0.000000000000000000e+00
8.149092447257428873e-01,9.889651377172650193e-01,0.000000000000000000e+00
3.710492579687809211e+00,9.154307461645547761e-01,1.000000000000000000e+00
3.455080410704241434e+00,6.128284035107345318e-03,1.000000000000000000e+00
7.799908622055697904e-01,1.763008434364114585e+00,1.000000000000000000e+00
2.694397449855770343e+00,1.492498491289370843e+00,1.000000000000000000e+00
8.967180161601056021e-01,1.670830017737527484e+00,1.000000000000000000e+00
2.262486684320201835e+00,3.489122689942696809e+00,1.000000000000000000e+00
1.654726848363361480e+00,3.475861222773622305e+00,0.000000000000000000e+00
2.344570860457466654e+00,1.407774029716438946e+00,1.000000000000000000e+00
3.526348163838160410e+00,1.302668087441122058e+00,0.000000000000000000e+00
5.641796810426367159e-01,2.554900737275433098e+00,1.000000000000000000e+00
1.623911407563056741e+00,8.661574758594992041e-01,1.000000000000000000e+00
4.434696538300886282e-01,1.869488342286901528e+00,0.000000000000000000e+00
2.277686574477024717e+00,1.674775702787572929e+00,0.000000000000000000e+00
2.729077734541037525e+00,2.494033581559815360e+00,0.000000000000000000e+00
5.216191363693813976e-01,1.660013594862689956e+00,1.000000000000000000e+00
3.640043498650244569e+00,7.813548646925401187e-01,0.000000000000000000e+00
3.404559228452331610e+00,2.541617082797613225e+00,1.000000000000000000e+00
2.127447998157072639e-01,2.192539960678596689e+00,0.000000000000000000e+00
2.686862818943323905e+00,3.872029945572929677e+00,1.000000000000000000e+00
4.196704287065040617e-01,1.821829597521047006e+00,0.000000000000000000e+00
3.481371600689930457e+00,1.013853069804599105e+00,1.000000000000000000e+00
1.153938142546667045e+00,2.396393021800116152e-01,0.000000000000000000e+00
3.308115323221494375e+00,4.767578471116018513e-01,1.000000000000000000e+00
3.604825125411957654e+00,7.854196225082299421e-01,1.000000000000000000e+00
1.835376319542701307e+00,2.781689884840003568e+00,1.000000000000000000e+00
1.519139542074647853e+00,2.911089490164750160e+00,1.000000000000000000e+00
2.901842224507178436e-01,3.947639131070412866e-01,1.000000000000000000e+00
3.787440059660823533e+00,3.402318043602591491e+00,1.000000000000000000e+00
2.104195137794379722e+00,2.882067756807375591e+00,1.000000000000000000e+00
1.627260083562953596e+00,2.891097564982531676e+00,1.000000000000000000e+00
8.664074241251218389e-01,3.277752197125902711e-01,0.000000000000000000e+00
3.730868657693635182e+00,4.744326586795226675e-01,1.000000000000000000e+00
3.597239031997854219e-01,3.263155420862823064e+00,0.000000000000000000e+00
8.654966288764596172e-01,2.592885304184778139e+00,0.000000000000000000e+00
2.297621129245186467e-02,7.280480378260509866e-01,0.000000000000000000e+00
3.184586084102739800e+00,3.457969214320404383e-01,1.000000000000000000e+00
5.985405910399030915e-01,3.826006736370008987e+00,0.000000000000000000e+00
1.529419431984827327e+00,2.226883356145286985e+00,0.000000000000000000e+00
2.371515861044138251e+00,4.543203831022366579e-01,0.000000000000000000e+00
3.665153331351837185e+00,1.773604491934035021e+00,1.000000000000000000e+00
2.483370569789345783e+00,2.713242596015777774e+00,0.000000000000000000e+00
1.141182046832487362e+00,8.037627569696499386e-01,0.000000000000000000e+00
1.287100417702214727e+00,9.872234992556259137e-01,1.000000000000000000e+00
4.237942281346596118e-01,3.863730161928753848e+00,1.000000000000000000e+00
3.398311472340118211e+00,3.605669884837285899e-01,0.000000000000000000e+00
2.634907261812170276e+00,3.825899214566389261e+00,1.000000000000000000e+00
2.837452381851748306e-01,1.815674203661802988e+00,0.000000000000000000e+00
3.297097237723055407e+00,2.940298278690347100e+00,1.000000000000000000e+00
1.911028203277657767e+00,7.457658143751331181e-01,0.000000000000000000e+00
3.676339210991055317e+00,2.009224458753036568e+00,0.000000000000000000e+00
3.585431379740029456e+00,2.034140482884536194e+00,1.000000000000000000e+00
3.228560885569752514e+00,2.424629130502892416e+00,0.000000000000000000e+00
4.358785741254811441e-01,1.784767587219307838e+00,0.000000000000000000e+00
2.782605450662539059e+00,3.210594310036535060e+00,0.000000000000000000e+00
2.328462799540520489e+00,3.199498544541216294e+00,0.000000000000000000e+00
2.209936051090637843e+00,1.130947578777556917e+00,1.000000000000000000e+00
8.389141033191473973e-01,3.146665193747545608e+00,0.000000000000000000e+00
2.581853624431964978e+00,3.382913260645638243e+00,0.000000000000000000e+00
5.715144057910515052e-01,1.687120111145276269e+00,0.000000000000000000e+00
5.614828658618056245e-01,9.920768004183506683e-01,0.000000000000000000e+00
1.272777209423420874e+00,2.802320215791378910e+00,0.000000000000000000e+00
3.909178964096506004e+00,2.517885335075483066e+00,1.000000000000000000e+00
2.365997308497381546e+00,5.375478479746629290e-01,1.000000000000000000e+00
3.887232310462982010e+00,2.922747436662226583e+00,0.000000000000000000e+00
3.328949734573236618e-01,2.697165240791678187e+00,0.000000000000000000e+00
1.531744195962401633e+00,1.186173386730564605e+00,0.000000000000000000e+00
2.704426352460161276e+00,1.018201836199575272e+00,0.000000000000000000e+00
9.926154733338057312e-01,2.586835679058563375e+00,0.000000000000000000e+00
1.143585929960053704e-01,3.094203856262143670e+00,0.000000000000000000e+00
2.309076049628081773e+00,2.878921192604287249e+00,0.000000000000000000e+00
1.373117817187938794e+00,1.625571892347849712e+00,1.000000000000000000e+00
1.523919944567593721e+00,2.420180304590490383e+00,1.000000000000000000e+00
9.391097499023266515e-01,4.700801556864906416e-01,1.000000000000000000e+00
1.491667941658126217e+00,2.259053095215421525e+00,1.000000000000000000e+00
1.159245159877776210e+00,1.687378090472558601e+00,0.000000000000000000e+00
1.995997965468096602e+00,3.980305117356135458e+00,1.000000000000000000e+00
3.511907642553821596e+00,3.031989322777652873e-01,1.000000000000000000e+00
9.787859617174188287e-01,2.946263948392315868e-01,0.000000000000000000e+00
2.735877412857798952e+00,3.377522629645451691e+00,1.000000000000000000e+00
1.551010404107650231e+00,2.238306680903012769e+00,1.000000000000000000e+00
2.901977618589897112e+00,2.866785985763725897e+00,0.000000000000000000e+00
3.943200356647978300e+00,1.944009954077305480e+00,1.000000000000000000e+00
3.515010782651358578e+00,1.841231967417684245e+00,0.000000000000000000e+00
1.025988426321120528e-01,3.948364108834041097e+00,1.000000000000000000e+00
6.341736438755929406e-01,3.272803597395365305e+00,1.000000000000000000e+00
2.406842515798360616e+00,2.643493476157095401e+00,0.000000000000000000e+00
4.126652780433741619e-01,1.201485285428138816e-01,0.000000000000000000e+00
1.335287359814092412e+00,8.995454927552639646e-01,0.000000000000000000e+00
3.991303136739359658e+00,1.546307402760493499e+00,1.000000000000000000e+00
1.944184960655919170e+00,2.873032202165819449e-01,1.000000000000000000e+00
7.861479183323671904e-02,5.698462259537122598e-01,0.000000000000000000e+00
2.757829397258309445e+00,2.681357788180882995e+00,0.000000000000000000e+00
3.764256508714849847e+00,2.354257056334453591e+00,0.000000000000000000e+00
3.897488841575104335e+00,3.318344855111857505e+00,1.000000000000000000e+00
3.826942308955949557e+00,3.754150015110551131e+00,0.000000000000000000e+00
3.495240899124643530e+00,3.282445319421780194e+00,1.000000000000000000e+00
2.795921474470226542e+00,2.641829822360027169e+00,0.000000000000000000e+00
3.616737289836453595e+00,2.383447971368548135e+00,0.000000000000000000e+00
1.488686099749146674e+00,1.694290353639944513e+00,1.000000000000000000e+00
2.039074870020479491e+00,7.383820462967416454e-01,0.000000000000000000e+00
3.271069380905162749e+00,2.324776563260821938e-01,0.000000000000000000e+00
3.481777733143236020e+00,3.126528193147851908e+00,0.000000000000000000e+00
1.121037031420447416e+00,3.395575216418467601e+00,0.000000000000000000e+00
1.341604842253185215e+00,2.685539606431341930e+00,1.000000000000000000e+00
1.052898892387915453e+00,6.820112945336838095e-01,1.000000000000000000e+00
1.953518955219775144e+00,3.209182176682686904e+00,0.000000000000000000e+00
1.627349732042781216e+00,1.827600685567725591e+00,0.000000000000000000e+00
3.487476546645624786e-01,2.626589920477931717e+00,0.000000000000000000e+00
3.400648586558330244e-01,3.881152929347480018e-01,1.000000000000000000e+00
7.614994425216528029e-01,3.173286869876604133e+00,0.000000000000000000e+00
2.749757569997922424e+00,1.044761545249266455e+00,0.000000000000000000e+00
3.278565520771168362e+00,4.473246914059156865e-01,1.000000000000000000e+00
3.701273450803272969e+00,1.359624039571311727e+00,0.000000000000000000e+00
2.017425605987318349e+00,3.522821763121285699e+00,0.000000000000000000e+00
3.416216572812026619e+00,3.358904649723636560e+00,1.000000000000000000e+00
2.882587638531915797e+00,2.305162499860127223e+00,0.000000000000000000e+00
4.351635884654934117e-01,2.759589397213206841e+00,1.000000000000000000e+00
1.399806837792406000e+00,2.028758756356535464e+00,0.000000000000000000e+00
2.424400397037768773e+00,9.220393424021202655e-01,1.000000000000000000e+00
3.406731697867291686e+00,5.960385153470921793e-01,0.000000000000000000e+00
3.451465603014487460e+00,8.330322186458989364e-01,1.000000000000000000e+00
2.871010879786953574e+00,3.318680655182989714e+00,1.000000000000000000e+00
1.273308201720761978e+00,1.689571757309932920e+00,1.000000000000000000e+00
3.274799875849128128e+00,3.898027118508314626e+00,1.000000000000000000e+00
3.444356154231316580e+00,2.212931482817386275e-01,1.000000000000000000e+00
8.980973449032711997e-01,1.619134899395194171e+00,1.000000000000000000e+00
1.234878718096222183e+00,2.988228897894940506e+00,1.000000000000000000e+00
2.084977390631031380e+00,2.011379342272110460e+00,1.000000000000000000e+00
1.083773056928980516e+00,2.099417546204680463e+00,1.000000000000000000e+00
3.606073495336900248e+00,1.461761854300044128e+00,0.000000000000000000e+00
3.054380045091369844e+00,9.919419937597417913e-01,0.000000000000000000e+00
3.523314422596160345e+00,2.194995535456835345e+00,0.000000000000000000e+00
1.831562640569358802e+00,1.662963367444898477e+00,1.000000000000000000e+00
1.139652061224309509e+00,1.779560955937236066e+00,1.000000000000000000e+00
1.086633756065169543e-01,3.973543025302868958e+00,1.000000000000000000e+00
1.466914275789942046e+00,3.752071440449586071e+00,0.000000000000000000e+00
2.062906868961927209e+00,2.951919340894479937e+00,1.000000000000000000e+00
5.416136889310148028e-01,1.427119047541487440e-01,0.000000000000000000e+00
3.813937998516012673e+00,2.680732553804995089e+00,1.000000000000000000e+00
1.117135677346633660e+00,2.786029908178222048e+00,0.000000000000000000e+00
1.588083459407354070e+00,7.037437826251013995e-01,1.000000000000000000e+00
2.091125358494275943e+00,2.264897502971814802e+00,0.000000000000000000e+00
1.727360029890301796e+00,2.795780914110565618e+00,0.000000000000000000e+00
2.838973350347317126e+00,1.099398228982165993e+00,0.000000000000000000e+00
2.382370576076294988e+00,7.013698093015698909e-01,1.000000000000000000e+00
5.838462008110436585e-01,4.258346621609963023e-01,1.000000000000000000e+00
3.513637768883790535e-01,2.109875607753361582e+00,0.000000000000000000e+00
3.695209811775402198e+00,3.606010361110207452e+00,0.000000000000000000e+00
3.509084799409649236e+00,2.020330778910266467e+00,0.000000000000000000e+00
5.324664386377389036e-01,2.101792243232592394e+00,1.000000000000000000e+00
3.927676515407925173e+00,9.696706112090374141e-01,0.000000000000000000e+00
5.591275984839350066e-01,3.093740826720787318e+00,0.000000000000000000e+00
2.253201773104693828e+00,2.564438264602890705e+00,0.000000000000000000e+00
3.278591788375540439e+00,1.223273154639318072e+00,1.000000000000000000e+00
2.236168806730166381e+00,3.965110677616465740e+00,0.000000000000000000e+00
2.254620086973956550e+00,1.468258040523782171e-01,1.000000000000000000e+00
2.132636297799158420e+00,3.610689597959650055e+00,1.000000000000000000e+00
1.023497924204880949e+00,1.490711671539504124e+00,1.000000000000000000e+00
7.064679564728018057e-01,8.966477119270113150e-01,1.000000000000000000e+00
1.409026875994708217e+00,3.961589488284231741e-01,1.000000000000000000e+00
2.906590129332572214e+00,3.598398058514714393e+00,1.000000000000000000e+00
1.589316104518776029e+00,3.076702907498026551e+00,0.000000000000000000e+00
1.325968783801197315e+00,1.800365637778905015e+00,0.000000000000000000e+00
3.513709591785326936e+00,2.891758698036371200e+00,1.000000000000000000e+00
3.407433104819145075e+00,2.514588915766626798e-01,1.000000000000000000e+00
3.228243871170271007e+00,2.371845010987744029e+00,0.000000000000000000e+00
3.499887853014322037e+00,2.131416866657497966e+00,0.000000000000000000e+00
2.951599927621284536e-03,9.699865492805295197e-01,1.000000000000000000e+00
9.219679687120212463e-01,3.908645853392101799e+00,0.000000000000000000e+00
6.421803388730400464e-01,2.439224269407926915e+00,0.000000000000000000e+00
1.998048104410209191e+00,3.517560535385658937e+00,1.000000000000000000e+00
2.081284572463105054e+00,1.396979812396817788e+00,0.000000000000000000e+00
1.427211287656561023e+00,1.431232818156327191e+00,1.000000000000000000e+00
2.276912102769820478e+00,1.439216789233779714e+00,1.000000000000000000e+00
6.128992995831339385e-01,2.450091804964841025e+00,0.000000000000000000e+00
9.029296758459164352e-01,2.025909227913920141e+00,1.000000000000000000e+00
8.586828275672968580e-01,2.481153228408696787e+00,0.000000000000000000e+00
3.646063974780592076e+00,3.161704816269912399e-01,1.000000000000000000e+00
1.697838975612336654e+00,8.644328578411748509e-01,1.000000000000000000e+00
2.316424733768950084e+00,2.017667249138110463e+00,1.000000000000000000e+00
3.228810091853258957e+00,5.659720592798755945e-01,0.000000000000000000e+00
8.185842864814358855e-01,6.434114988525436729e-01,0.000000000000000000e+00
3.650440175336601811e+00,1.237059660191702992e+00,1.000000000000000000e+00
2.527081658543049780e+00,3.847275918759180513e+00,1.000000000000000000e+00
1.246393215104705465e+00,7.937081279030784309e-01,0.000000000000000000e+00
3.116412665663048642e-01,1.931351366513001544e+00,0.000000000000000000e+00
1.159494814854484357e+00,1.254931202715186433e+00,1.000000000000000000e+00
1.331197464033765154e+00,1.085784955497294035e+00,0.000000000000000000e+00
4.286369024674518968e-02,2.807251425605813200e+00,0.000000000000000000e+00
1.093096613410677875e+00,1.094854663074657175e+00,1.000000000000000000e+00
1.880964394383765725e+00,3.208877047664121740e+00,0.000000000000000000e+00
3.506883588739797109e+00,1.770206962932693529e+00,1.000000000000000000e+00
1.484969189479929952e+00,2.623763638282202937e+00,0.000000000000000000e+00
2.806546514471254028e+00,2.411233577623486113e+00,1.000000000000000000e+00
1.856245798597257579e+00,2.910811308631732874e+00,1.000000000000000000e+00
3.701716322445128160e+00,1.398825004994616261e+00,1.000000000000000000e+00
1.291470098625617346e+00,3.528276579271964586e+00,1.000000000000000000e+00
1.909381159574969011e+00,4.251703111984981298e-01,1.000000000000000000e+00
2.132753888917931384e+00,1.530998434503435313e+00,0.000000000000000000e+00
3.255026926144979793e+00,8.408617383914829269e-01,1.000000000000000000e+00
1.268096379702265075e+00,3.498021421883205750e+00,0.000000000000000000e+00
3.406476390023512657e+00,7.632263110106141113e-01,1.000000000000000000e+00
1.233125566287053054e+00,4.522353523031905631e-01,0.000000000000000000e+00
1.756226547473653810e+00,2.059081379144057422e+00,0.000000000000000000e+00
3.900367808808434145e+00,8.242097814924882471e-01,0.000000000000000000e+00
1.569410919247032687e+00,2.721624643804820387e+00,0.000000000000000000e+00
1.840829313222368313e+00,1.622315746842394990e+00,0.000000000000000000e+00
1.455076014512088900e+00,6.199475945667156651e-01,0.000000000000000000e+00
2.175769905770865709e+00,3.502705320690522761e+00,1.000000000000000000e+00
3.885081127726778050e+00,1.303641469011300735e-01,0.000000000000000000e+00
3.123253058670084847e+00,1.259196096239335816e+00,0.000000000000000000e+00
1.208440048488092167e+00,3.640644168315966045e+00,0.000000000000000000e+00
1.512472199823151620e+00,3.167156543648588674e+00,0.000000000000000000e+00
2.594451587452749841e+00,3.731738421655832472e+00,1.000000000000000000e+00
3.325088669271317077e+00,2.714340356005213728e-01,0.000000000000000000e+00
5.469707563477115286e-01,3.468559569325366354e+00,0.000000000000000000e+00
1.272758118266428262e-01,2.310661453512876218e+00,1.000000000000000000e+00
5.400796503484586175e-01,1.006806077534099231e+00,1.000000000000000000e+00
2.520812177090514528e+00,3.149073937965729097e+00,1.000000000000000000e+00
2.668826807104847099e-01,2.663257239792077513e+00,0.000000000000000000e+00
2.338977331019526318e+00,1.419609773535090103e+00,1.000000000000000000e+00
1.309091013963690653e+00,8.230083841907016584e-01,0.000000000000000000e+00
3.123828339505938523e-01,3.848303618900732914e+00,0.000000000000000000e+00
7.717560134890968371e-01,3.817638880531819989e+00,1.000000000000000000e+00
4.254714862694375377e-01,6.002370954400015890e-01,1.000000000000000000e+00
2.798724803255335125e+00,3.394564988402613448e+00,1.000000000000000000e+00
3.945225601803376669e+00,2.802685226976828758e-01,0.000000000000000000e+00
1.435879784425178496e+00,3.059854635280778723e-02,0.000000000000000000e+00
1.575745334224430749e+00,6.146012736414081523e-01,1.000000000000000000e+00
8.660969402185689781e-01,9.717458619286301058e-02,0.000000000000000000e+00
6.892814669432700825e-02,2.268966743673515918e+00,1.000000000000000000e+00
3.689472205802288407e+00,3.292309519485090874e+00,0.000000000000000000e+00
2.216461220505396845e+00,3.604331403996854366e+00,0.000000000000000000e+00
3.753333294197404690e+00,2.188873789852221474e+00,0.000000000000000000e+00
2.716309017423821803e+00,1.773377437331820516e+00,1.000000000000000000e+00
2.760852363707454682e+00,3.434772394103471349e+00,0.000000000000000000e+00
1.533970166706707605e+00,5.329335843945925966e-01,1.000000000000000000e+00
2.721350857883976015e+00,6.953829965896978216e-01,1.000000000000000000e+00
3.103474670391852097e+00,2.102232517734103023e+00,1.000000000000000000e+00
2.504275424209026824e+00,1.887767903992771945e+00,0.000000000000000000e+00
3.732542422869853382e-01,3.703826947463944474e+00,1.000000000000000000e+00
1.555766184643436745e-01,3.607549701878793424e+00,1.000000000000000000e+00
2.256721553423245652e+00,2.106639472601135488e+00,0.000000000000000000e+00
3.928587164964302936e+00,2.658007356445877711e+00,0.000000000000000000e+00
2.029674219381250921e+00,3.917292083546577430e-01,1.000000000000000000e+00
1.737901012206259921e+00,5.335695256630956784e-01,1.000000000000000000e+00
1.597613708072699534e+00,2.854306909898398192e+00,1.000000000000000000e+00
5.506865177130837452e-02,1.611019938706202304e+00,0.000000000000000000e+00
3.447021299574688502e+00,1.680947012166661203e+00,1.000000000000000000e+00
2.648118704081991126e+00,4.646976473523487527e-01,1.000000000000000000e+00
1.786331685883247644e+00,1.067741760061423406e+00,0.000000000000000000e+00
1.011358626056809484e+00,3.318065433478650572e+00,1.000000000000000000e+00
1.865072423608597596e+00,9.961762439788781620e-01,1.000000000000000000e+00
1.395944324497984557e+00,3.882903278870597052e+00,1.000000000000000000e+00
4.956478531530450482e-01,1.855471175798549144e+00,1.000000000000000000e+00
1.030465954820265484e+00,3.102551607581202742e+00,1.000000000000000000e+00
3.866099031306112987e+00,3.886456266676566518e+00,1.000000000000000000e+00
2.348956920630488998e+00,3.778869718453896187e+00,1.000000000000000000e+00
5.084629320285740661e-01,1.856073592391260352e+00,0.000000000000000000e+00
2.843839015018178262e+00,2.669154246427130506e+00,0.000000000000000000e+00
2.139487151673664656e+00,2.183146663750525018e+00,0.000000000000000000e+00
1.519176271065372230e+00,3.011065219295354645e+00,0.000000000000000000e+00
2.855971213021901267e+00,1.568678402588897125e+00,0.000000000000000000e+00
3.599460388149415380e+00,1.893748937668084942e-01,0.000000000000000000e+00
7.762194106766262536e-01,1.027840978230979641e+00,1.000000000000000000e+00
1.784218299745333969e+00,7.797214068055642322e-01,0.000000000000000000e+00
2.748120768189385998e+00,1.791275505767684351e-01,1.000000000000000000e+00
3.700122604944607652e+00,1.351254568827478408e+00,1.000000000000000000e+00
3.850674500053723470e-01,3.085744311470867363e+00,1.000000000000000000e+00
5.824692146429035766e-01,1.717875446986866006e+00,1.000000000000000000e+00
1.800805169373658643e+00,1.252545100555251256e+00,1.000000000000000000e+00
1.206982073703437575e+00,1.266371044462041517e+00,0.000000000000000000e+00
3.272574608369569926e+00,1.695826400496485586e+00,1.000000000000000000e+00
1.095484214212958829e+00,3.732568452478008503e+00,0.000000000000000000e+00
1.102984633351555388e+00,3.763955839856040875e+00,0.000000000000000000e+00
3.232985648799226119e+00,2.147699984686372687e+00,0.000000000000000000e+00
2.250179979955377885e+00,1.177495032545706088e+00,0.000000000000000000e+00
1.414992456645173924e+00,1.628507883544309642e+00,1.000000000000000000e+00
4.582760473077169827e-01,2.844470483906285097e+00,0.000000000000000000e+00
7.112977684592478589e-01,1.719710844334227495e+00,1.000000000000000000e+00
5.890365014928899967e-03,3.663229179948140235e+00,0.000000000000000000e+00
2.222345956720597204e+00,6.173638274220865085e-01,1.000000000000000000e+00
3.434885205576684974e+00,1.322073486856920610e-01,0.000000000000000000e+00
3.107756362692699614e+00,1.728939144411949513e+00,1.000000000000000000e+00
2.726783243830129599e+00,6.677121547356663633e-01,1.000000000000000000e+00
1.695108229395960731e+00,7.922669127976615933e-01,1.000000000000000000e+00
1.622556801362979417e+00,1.224488756743103757e+00,1.000000000000000000e+00
5.643589547675520457e-01,2.508370168636639086e+00,0.000000000000000000e+00
2.587482578368710762e+00,2.986893084500084505e+00,1.000000000000000000e+00
2.596945609912008734e+00,3.814947176338357337e+00,1.000000000000000000e+00
1.485048967856417157e-01,1.274183680457436463e+00,1.000000000000000000e+00
1.136512940110238290e+00,2.915402554693157899e+00,1.000000000000000000e+00
3.471028188352776489e+00,3.151884346749861621e+00,1.000000000000000000e+00
2.398013040371208326e+00,1.620551015106809434e+00,1.000000000000000000e+00
9.696340853871370236e-01,3.882181284743319249e+00,1.000000000000000000e+00
8.484336570368586905e-01,3.749121713330227035e+00,0.000000000000000000e+00
4.024753836920975658e-01,2.804511638852117628e+00,1.000000000000000000e+00
2.561092314342085174e+00,1.022866484769292761e+00,0.000000000000000000e+00
3.509982546087794031e+00,1.216438488781427463e+00,0.000000000000000000e+00
1.118586496534699659e+00,1.922526897744091468e+00,0.000000000000000000e+00
1.712142176369023883e+00,2.680028137777084929e+00,0.000000000000000000e+00
2.607548827352728082e-01,2.105942188938145776e+00,0.000000000000000000e+00
2.000498441936604088e+00,2.095622437406897021e+00,1.000000000000000000e+00
7.431037189887503835e-01,1.259262811213705202e+00,0.000000000000000000e+00
3.378302562510322904e+00,2.949794597896812309e+00,1.000000000000000000e+00
1.709835781150724987e+00,1.657579020093068678e+00,1.000000000000000000e+00
3.974764648246562171e+00,2.745334454571740856e+00,1.000000000000000000e+00
3.303973579311273223e+00,2.592346883924800949e+00,1.000000000000000000e+00
1.552734843146534871e+00,1.258383236047643461e+00,0.000000000000000000e+00
3.675112063101317883e+00,1.974628367665224982e+00,1.000000000000000000e+00
9.552128335100458223e-01,1.148897565773783658e+00,1.000000000000000000e+00
2.564148967865899742e+00,2.003076970361460596e+00,0.000000000000000000e+00
3.946494475349503261e+00,1.732583677017853319e+00,1.000000000000000000e+00
1.011546005656607683e+00,6.954146946268999763e-01,0.000000000000000000e+00
2.646897997542140057e+00,1.770065609480058644e+00,0.000000000000000000e+00
3.341050387916284503e+00,3.015978101901358954e+00,0.000000000000000000e+00
6.880540820264182678e-01,2.659992982432072495e+00,1.000000000000000000e+00
4.312997620427925227e-01,8.354039922697733545e-01,1.000000000000000000e+00
2.154983645944760884e+00,7.248483856116503254e-01,0.000000000000000000e+00
3.109296950519846892e+00,2.349819541868800155e+00,0.000000000000000000e+00
3.546099700431511792e+00,4.592786485423747678e-01,0.000000000000000000e+00
3.286440755397126878e+00,2.142931788786599956e+00,0.000000000000000000e+00
2.088964203605734760e+00,2.085163875868893513e+00,1.000000000000000000e+00
1.355409816237338472e+00,2.789738128569425157e+00,0.000000000000000000e+00
6.263961044198755879e-01,2.695571770813872448e+00,1.000000000000000000e+00
2.757751726998919573e+00,2.319392042562456346e+00,0.000000000000000000e+00
1.211193745258558163e+00,3.140908196588937606e+00,0.000000000000000000e+00
9.515994506297875688e-02,5.692880880572315228e-01,0.000000000000000000e+00
2.942396171602365662e+00,3.676838187856654727e-01,0.000000000000000000e+00
4.152186436031328753e-01,1.736582628076299706e-01,0.000000000000000000e+00
3.903242012770692160e+00,2.649017224079230903e+00,0.000000000000000000e+00
2.073275795554362144e+00,2.737127917981508674e+00,1.000000000000000000e+00
1.189525403228724354e+00,2.652402740156684313e+00,1.000000000000000000e+00
2.010458870620812188e+00,3.343326517579487955e+00,1.000000000000000000e+00
9.172194913355538048e-01,1.081707351958985264e+00,1.000000000000000000e+00
2.673877212182125263e+00,3.407518208673800508e+00,0.000000000000000000e+00
2.042730752682176298e+00,1.778582693734460651e+00,0.000000000000000000e+00
5.806904415790481444e-01,7.973276506200206448e-01,0.000000000000000000e+00
2.074633357301201908e+00,2.456574874187367641e+00,0.000000000000000000e+00
1.792129866057737164e+00,1.247813200326882921e+00,1.000000000000000000e+00
3.924371225699093468e+00,7.508971898826053426e-01,0.000000000000000000e+00
2.971985512380545646e+00,1.504095312085401037e+00,0.000000000000000000e+00
5.794187708543816484e-01,3.191540653606468325e+00,0.000000000000000000e+00
1.530414877004396157e+00,1.039839478207797985e+00,0.000000000000000000e+00
2.857247804295417470e+00,1.308937988705590527e+00,0.000000000000000000e+00
1.741315797041568914e+00,2.642523272397030443e+00,1.000000000000000000e+00
3.177887367687175502e+00,1.825478030967529364e+00,0.000000000000000000e+00
1.314625783201183840e+00,4.122306386274567913e-01,0.000000000000000000e+00
3.343790455429627606e+00,2.171038527279982588e+00,1.000000000000000000e+00
6.303968151208385606e-01,8.105904111314918836e-01,0.000000000000000000e+00
4.888704778740304846e-01,1.671405177794837549e+00,0.000000000000000000e+00
2.726484860407301980e+00,2.567483325768009195e+00,1.000000000000000000e+00
2.612784525520500889e+00,6.319710320602824893e-01,0.000000000000000000e+00
3.689572429522412822e+00,7.296349041419518677e-01,1.000000000000000000e+00
3.415902328806793786e+00,1.077115473279568469e-01,1.000000000000000000e+00
1.448163997600493857e+00,6.540457813423170563e-01,0.000000000000000000e+00
1.727219026348705277e-01,3.476081881432409926e+00,1.000000000000000000e+00
2.216869221275612922e+00,3.497792533727024811e+00,0.000000000000000000e+00
7.271186543548622261e-01,2.032110551895994988e+00,0.000000000000000000e+00
2.414222167416021136e+00,3.694695035431774244e+00,1.000000000000000000e+00
1.317713557330230323e+00,1.126204317346957140e-01,0.000000000000000000e+00
2.674624750011026730e+00,1.432448845229336687e+00,0.000000000000000000e+00
2.018450517071393779e+00,3.932810328037936731e+00,1.000000000000000000e+00
3.727566544768509793e+00,3.825416590345288359e+00,1.000000000000000000e+00
1.915054644323886723e+00,2.296900050447271635e+00,0.000000000000000000e+00
1.329300507283459609e+00,4.735053826925588183e-01,1.000000000000000000e+00
1.642937913925710980e+00,3.186066145376194036e-01,0.000000000000000000e+00
2.973309655208443480e+00,3.705806532490161231e-01,1.000000000000000000e+00
1.611568916430526244e+00,3.795029711042120724e+00,1.000000000000000000e+00
3.106583775667305147e+00,2.943425727653701252e+00,0.000000000000000000e+00
2.642582508655223261e+00,1.192390950815180872e+00,1.000000000000000000e+00
2.771897252807474565e+00,1.858196978638322339e+00,1.000000000000000000e+00
2.721194282478341719e+00,3.397208479122789448e+00,1.000000000000000000e+00
3.658643097017603818e+00,2.529212852819415769e+00,1.000000000000000000e+00
3.449462756957011322e-01,2.944351884138847630e+00,1.000000000000000000e+00
6.501003825221101096e-01,2.462384417900682632e+00,0.000000000000000000e+00
3.515091999742254725e+00,1.917431339709213756e+00,1.000000000000000000e+00
1.436568202333812216e-01,1.644807494593785169e+00,1.000000000000000000e+00
1.596040335251260878e-01,3.010272132066394768e+00,0.000000000000000000e+00
2.459801404253525448e+00,2.018865048424924424e+00,0.000000000000000000e+00
2.434975372213688871e+00,9.870006694119330959e-01,0.000000000000000000e+00
3.461992379005484288e+00,1.342814616282625995e+00,0.000000000000000000e+00
6.385137128205551349e-01,4.960978330169854011e-01,1.000000000000000000e+00
1.053445628097699149e+00,2.786621105376598795e+00,1.000000000000000000e+00
3.147735432244918030e+00,1.482292674590439674e+00,0.000000000000000000e+00
3.133946839751787117e+00,3.015610547126232444e+00,1.000000000000000000e+00
1.716260787296750578e+00,8.617365452661238656e-01,0.000000000000000000e+00
3.541488030441003687e+00,2.560784927182170101e+00,0.000000000000000000e+00
1.470123051769990585e+00,7.225388471818727787e-01,1.000000000000000000e+00
1.702151916533734877e+00,3.786579292457892709e+00,0.000000000000000000e+00
3.764107094526226494e+00,9.431627166428615539e-01,1.000000000000000000e+00
2.710805593237881173e+00,2.512869598797919046e+00,0.000000000000000000e+00
2.270907720990376522e+00,3.956956556532586600e+00,0.000000000000000000e+00
8.165966864520965984e-01,3.656818045256353678e+00,0.000000000000000000e+00
1.472721751057748829e+00,3.940851016664588258e-01,1.000000000000000000e+00
2.024806083509622212e+00,3.353086552442123391e+00,0.000000000000000000e+00
1.301449421403332085e+00,3.869279204093396096e+00,0.000000000000000000e+00
3.431624898836701298e+00,2.759634975998343620e+00,1.000000000000000000e+00
9.350877465054234783e-01,1.781673845140264500e+00,1.000000000000000000e+00
3.010613179148351470e+00,3.050253708396062358e-01,0.000000000000000000e+00
1.418883713809063529e+00,2.931104122519660571e+00,1.000000000000000000e+00
2.158140116401093156e+00,2.164632567786192396e+00,1.000000000000000000e+00
2.869924621555604460e+00,1.144025242886252958e+00,0.000000000000000000e+00
2.542365505140424808e+00,3.619920415543729675e+00,1.000000000000000000e+00
3.993689689677226262e+00,1.392659725551239625e-01,0.000000000000000000e+00
3.762085051402474178e+00,1.328418091728912120e+00,0.000000000000000000e+00
1.654462916898656655e+00,3.153673195470663160e+00,0.000000000000000000e+00
1.737176356122774656e+00,1.706693857393676073e+00,0.000000000000000000e+00
2.814058155470934963e+00,2.182523713233154972e+00,0.000000000000000000e+00
3.212409642380090524e+00,3.829220263035336913e+00,0.000000000000000000e+00
3.113638444529980731e+00,5.378744678741758101e-01,0.000000000000000000e+00
2.607617915479275350e+00,3.132928655314231037e-01,0.000000000000000000e+00
1.117966180951182498e+00,6.395693299261502318e-01,0.000000000000000000e+00
8.570825463759708107e-01,2.295395578054645114e+00,1.000000000000000000e+00
3.567581855555255643e+00,3.860467872775020126e+00,0.000000000000000000e+00
2.852960505844613692e+00,1.413557108379131844e+00,0.000000000000000000e+00
3.888225044046278001e+00,2.907742000389951453e+00,1.000000000000000000e+00
6.066147871372487010e-01,2.865210406564010714e+00,1.000000000000000000e+00
8.917922477484392374e-01,1.651108861385810922e+00,0.000000000000000000e+00
3.721174026807885227e+00,2.629499382394782536e+00,0.000000000000000000e+00
9.118063464452617062e-01,2.210394579010273475e+00,1.000000000000000000e+00
3.474004577191065923e+00,3.071592176669997620e+00,0.000000000000000000e+00
2.275403164040210591e-01,1.571160780373034527e+00,1.000000000000000000e+00
7.551503639934478151e-01,1.253017285922242152e-02,1.000000000000000000e+00
3.148999016966978370e+00,1.982009969002058725e-01,0.000000000000000000e+00
2.793840811617503306e+00,8.646238859634447493e-03,1.000000000000000000e+00
3.364319584913652239e+00,2.712834457875777261e+00,1.000000000000000000e+00
3.073376961464096446e+00,1.188265517790680903e+00,0.000000000000000000e+00
3.448175596388706410e+00,9.911454355352176115e-01,1.000000000000000000e+00
1.204574063601158151e+00,2.559660515038537643e+00,1.000000000000000000e+00
1.149201912434209216e+00,1.167899549168111673e+00,0.000000000000000000e+00
2.119623242322390411e-01,3.490856627093597897e+00,0.000000000000000000e+00
1.123651115952096102e+00,2.763856001825760966e+00,1.000000000000000000e+00
1.454241441006169921e+00,2.780939006109575562e+00,1.000000000000000000e+00
1.483436789676626955e+00,1.740488788500847317e+00,1.000000000000000000e+00
1.612786789960534151e-01,3.085831879524107535e+00,1.000000000000000000e+00
2.440012523793403165e+00,3.621291739420766209e+00,1.000000000000000000e+00
3.144985333728787857e+00,7.283976114950019287e-01,0.000000000000000000e+00
3.615898839457679870e+00,2.978765611296970928e+00,0.000000000000000000e+00
8.990181524804761182e-01,3.274545093562066800e+00,0.000000000000000000e+00
4.324155261240441028e-01,2.777652201030447188e+00,0.000000000000000000e+00
2.910047356430125909e+00,5.784894680823846613e-01,1.000000000000000000e+00
2.018583036334532288e+00,1.931737441406717881e+00,0.000000000000000000e+00
3.683195114130114245e+00,1.469762151307234088e+00,0.000000000000000000e+00
1.584608262110250188e+00,4.026620743915021450e-01,0.000000000000000000e+00
3.136491760545753404e+00,1.487252852768287781e+00,0.000000000000000000e+00
3.450519906371880108e+00,1.740074067550989589e+00,1.000000000000000000e+00
1.441392020782066297e+00,2.642115174860736548e+00,1.000000000000000000e+00
3.864218659121272381e+00,2.241666071064766452e+00,1.000000000000000000e+00
2.309285983053339653e+00,3.352155222931522349e+00,1.000000000000000000e+00
2.824442474582743223e+00,1.724369011391500006e+00,0.000000000000000000e+00
1.515468330218970650e+00,3.829315689217556162e+00,0.000000000000000000e+00
1.292861230537041273e+00,1.938474250907763707e+00,0.000000000000000000e+00
3.902092021921648168e-01,2.964291791671309628e+00,1.000000000000000000e+00
2.377063296882284682e+00,3.827543027373335072e+00,0.000000000000000000e+00
1.846357519186540674e+00,4.556495009618122261e-01,1.000000000000000000e+00
3.405466380579120766e-01,2.607531927795872839e+00,1.000000000000000000e+00
3.245952269075544017e+00,3.177014185249222855e-01,0.000000000000000000e+00
3.444800687957769725e-01,1.102541421696257018e-02,0.000000000000000000e+00
3.122143836983021448e+00,2.779968231725150396e+00,1.000000000000000000e+00
1.715586626437763051e+00,2.054016745139837674e+00,1.000000000000000000e+00
1.089448845814974476e+00,2.986474463271984625e+00,1.000000000000000000e+00
3.361087325418341987e+00,1.657090153139529676e+00,0.000000000000000000e+00
1.574707151449211917e+00,2.304581755780181762e+00,0.000000000000000000e+00
1.952036167332373839e+00,3.370024466670964447e+00,0.000000000000000000e+00
2.157043675058614163e-01,4.079579283682388535e-02,0.000000000000000000e+00
3.551871376553955351e+00,1.732604487287546124e+00,1.000000000000000000e+00
1.777734241457927578e+00,3.977568517243845303e+00,1.000000000000000000e+00
2.866314668162781576e+00,3.054104774266288125e+00,1.000000000000000000e+00
9.472109596722297908e-01,3.088890768635148554e-01,0.000000000000000000e+00
1.461375041858966384e+00,5.420298143724782136e-01,0.000000000000000000e+00
1.155918050144239206e+00,1.741422102220295365e+00,0.000000000000000000e+00
2.432251285997337309e+00,2.154270290945851762e+00,1.000000000000000000e+00
6.796414398096839449e-01,2.528483702398428790e+00,0.000000000000000000e+00
3.601946184724133193e+00,3.567222939923227809e+00,0.000000000000000000e+00
2.133937839782151347e+00,1.951088764350984217e+00,1.000000000000000000e+00
6.019845080233641177e-01,4.565401327254647867e-01,1.000000000000000000e+00
3.971385584915641420e+00,2.344293158709958469e+00,1.000000000000000000e+00
1.954241626741562321e+00,1.676178654839149740e+00,1.000000000000000000e+00
2.336766618812463392e+00,2.890023670861677552e+00,0.000000000000000000e+00
8.331022895337474310e-01,3.769954030692070912e+00,1.000000000000000000e+00
2.062160729130452008e+00,8.728306342551199748e-01,0.000000000000000000e+00
3.116265306280042946e+00,3.914345937057402747e+00,0.000000000000000000e+00
2.951965617207122694e+00,3.882864477229581279e+00,0.000000000000000000e+00
1.041924483143882529e+00,1.182788469681790744e+00,1.000000000000000000e+00
3.997794296841620465e+00,3.247355748048183166e+00,0.000000000000000000e+00
1.278454523960726785e+00,3.182637796304518041e+00,1.000000000000000000e+00
1.913005850676280595e+00,1.409983966189225946e+00,0.000000000000000000e+00
2.132676373031602068e+00,2.481638838503976707e-01,0.000000000000000000e+00
3.476407395934809852e+00,1.885661838491037301e-01,1.000000000000000000e+00
2.271764993226859097e-01,2.865512781876219162e+00,1.000000000000000000e+00
1.759633663313223018e+00,1.239429426539171875e+00,0.000000000000000000e+00
3.120326664879194301e+00,1.800897528325316799e+00,1.000000000000000000e+00
3.336068963614108984e+00,3.900565848040838279e+00,0.000000000000000000e+00
2.486404523783504850e+00,9.697009786442962742e-01,1.000000000000000000e+00
7.778485566673403184e-01,3.682647289472011920e+00,1.000000000000000000e+00
2.862161320533322506e+00,3.991312007353683189e+00,1.000000000000000000e+00
2.427055000167153587e+00,1.701050541383754222e+00,0.000000000000000000e+00
1.082797206276926438e-01,3.376941594336649644e+00,1.000000000000000000e+00
3.067499313365685154e+00,2.380786302277179800e+00,1.000000000000000000e+00
1.969631908840705048e+00,8.562663626462940769e-01,1.000000000000000000e+00
3.885952836477331029e+00,3.453990068894024379e+00,0.000000000000000000e+00
1.995957720501630561e+00,6.429554594172683935e-01,0.000000000000000000e+00
1.905465724365186020e+00,1.766152953878982412e+00,0.000000000000000000e+00
1.481137729504900857e+00,3.764862520214933728e+00,0.000000000000000000e+00
4.591422831727927090e-01,1.377933793058510048e-01,1.000000000000000000e+00
9.710564051751378045e-01,2.236022513136961543e-01,0.000000000000000000e+00
3.550724200694718835e+00,2.197399624024814369e+00,0.000000000000000000e+00
3.339820752491613476e-01,3.574944224708125784e+00,0.000000000000000000e+00
8.121121481056499114e-01,1.590422072442731594e+00,0.000000000000000000e+00
8.592293577875453892e-01,2.578489947575208774e+00,1.000000000000000000e+00
9.276461669422753076e-01,1.793451725500036620e+00,0.000000000000000000e+00
1.110127751908184468e+00,1.638360201695735707e+00,1.000000000000000000e+00
1.918513049052749331e+00,7.910055599034935270e-01,1.000000000000000000e+00
1.521548884938756174e+00,3.085505938823536631e+00,0.000000000000000000e+00
1.988710147821123986e+00,3.666529339584342573e+00,0.000000000000000000e+00
6.412387204232579130e-01,1.410033299673176366e+00,1.000000000000000000e+00
2.073900752670346126e+00,7.647479759329662841e-01,0.000000000000000000e+00
1.212458795757780372e-01,1.173620711079256029e+00,0.000000000000000000e+00
1.403311248756661023e+00,1.660755714859716292e+00,0.000000000000000000e+00
1.606777006217705583e+00,7.298121485151334298e-01,0.000000000000000000e+00
1.541430855867716332e+00,1.639382892780592904e+00,1.000000000000000000e+00
1.345329758687969779e+00,1.371318741039886824e+00,1.000000000000000000e+00
3.820540506720146556e+00,3.877125639465033302e+00,0.000000000000000000e+00
2.223748616217440244e-01,2.422482774956300045e+00,1.000000000000000000e+00
1.274729098383882153e-01,3.737222286671686433e-01,0.000000000000000000e+00
1.228576273739520275e+00,1.922914468933328624e+00,1.000000000000000000e+00
3.268503909698760257e+00,1.649193789379311159e+00,1.000000000000000000e+00
3.520768675981234441e+00,2.767855832504118929e+00,0.000000000000000000e+00
1.977971240751486004e+00,3.400581154537193118e+00,0.000000000000000000e+00
1.291141680130393876e+00,1.087822493473031837e+00,1.000000000000000000e+00
2.772121262009116904e+00,2.645666047169881185e+00,1.000000000000000000e+00
2.278947521622943118e+00,1.140799554870647992e+00,1.000000000000000000e+00
2.221977602354064274e+00,1.430960381376305435e+00,1.000000000000000000e+00
3.015205393874643480e+00,8.253933572602853985e-01,0.000000000000000000e+00
1.613831672870062128e+00,2.568700997317648227e+00,0.000000000000000000e+00
3.765156641543407456e+00,1.472181770608885110e+00,1.000000000000000000e+00
3.712803192404790398e+00,2.941559094649326411e-02,0.000000000000000000e+00
3.329276470588174330e+00,1.687021680882656582e+00,1.000000000000000000e+00
2.890519696056965682e+00,3.216268941560576522e+00,0.000000000000000000e+00
1.325963309024858816e+00,3.997313519314104724e+00,0.000000000000000000e+00
8.358532702147982718e-01,1.445594454385288330e+00,0.000000000000000000e+00
1.290405660934062837e+00,2.037005718246984731e+00,1.000000000000000000e+00
2.914637295773130354e+00,3.722981068819111616e+00,1.000000000000000000e+00
3.594967895733655716e+00,1.740974914718856681e+00,0.000000000000000000e+00
2.085678249902972681e+00,1.990430865035524466e+00,1.000000000000000000e+00
3.550067042298853170e+00,3.203278181538991021e+00,0.000000000000000000e+00
1.213294534061095220e+00,3.225402675493578730e+00,1.000000000000000000e+00
1.694339680021573091e+00,8.589478627867874749e-02,0.000000000000000000e+00
3.655690123279144998e+00,3.938475689527034085e+00,1.000000000000000000e+00
3.489381012068235144e+00,3.144325346968539936e+00,1.000000000000000000e+00
3.173857011661028960e+00,1.971793536943981628e+00,0.000000000000000000e+00
3.076990837874960860e+00,1.213026725390708993e+00,0.000000000000000000e+00
1.303589545371167890e+00,1.126964736887291707e+00,1.000000000000000000e+00
2.630662331903704132e+00,1.597564081329479801e+00,1.000000000000000000e+00
3.604766798270398365e+00,3.681832164181356948e+00,1.000000000000000000e+00
2.272851089074249931e+00,2.319386059297117608e+00,0.000000000000000000e+00
3.868835237633053925e+00,5.128118853560255097e-01,0.000000000000000000e+00
2.007852225516837397e+00,2.456590393459709976e+00,0.000000000000000000e+00
3.954326252145979215e+00,3.633739830483677657e-01,0.000000000000000000e+00
1.364313001334747533e+00,3.581928992489414210e+00,0.000000000000000000e+00
1.638259031847558056e+00,3.197555715093200579e+00,0.000000000000000000e+00
3.373386484922495931e+00,3.289921525587946594e+00,0.000000000000000000e+00
2.646085655190275165e+00,2.625864573493412291e+00,0.000000000000000000e+00
3.077312968952693240e+00,2.735322571988218598e+00,1.000000000000000000e+00
3.373779993301031510e+00,3.153298142774906054e+00,1.000000000000000000e+00
1.508771565790791414e+00,1.031885689900149394e+00,0.000000000000000000e+00
7.296029070860292620e-01,1.889932646245906067e+00,1.000000000000000000e+00
3.962254576281119878e+00,2.681289933037555251e+00,1.000000000000000000e+00
2.982384134668380149e+00,5.460948123446049962e-01,0.000000000000000000e+00
1.537079776805126752e+00,2.829967571046061892e+00,1.000000000000000000e+00
1.204390685110356962e+00,7.658678165139409799e-01,0.000000000000000000e+00
1.585175269504455642e+00,8.011646369487546160e-01,0.000000000000000000e+00
2.025572100102654982e+00,1.762279959987528510e+00,1.000000000000000000e+00
6.082234920083000596e-01,3.233707446723061540e+00,0.000000000000000000e+00
3.552094483393748003e+00,4.073852189312678895e-01,1.000000000000000000e+00
3.585167646040132272e+00,2.992585168600017553e+00,0.000000000000000000e+00
1.020270029262233979e+00,2.733816392719821131e+00,0.000000000000000000e+00
3.307531047660487555e+00,1.569010645866370179e+00,0.000000000000000000e+00
3.816048189733629137e+00,3.453273311349004171e+00,1.000000000000000000e+00
3.351256759969923227e+00,3.853491120520152080e+00,1.000000000000000000e+00
1.060316308120880624e+00,2.256329435533180217e+00,1.000000000000000000e+00
1.244621684623673730e+00,3.410124968475010121e+00,0.000000000000000000e+00
3.140197101696604598e+00,3.475430216139171247e+00,1.000000000000000000e+00
3.700588287808320942e+00,2.436624077126567922e+00,0.000000000000000000e+00
2.904546095833312247e+00,2.125858987243817388e+00,1.000000000000000000e+00
3.060160866980252692e-01,2.269962456927366645e+00,1.000000000000000000e+00
3.273582675846968826e-01,3.984062927200284321e+00,1.000000000000000000e+00
2.165584358755848982e+00,3.820430991499957685e+00,1.000000000000000000e+00
2.658798826203984778e+00,3.828648338499050396e+00,1.000000000000000000e+00
2.571526144756679955e+00,2.247727807882448747e+00,0.000000000000000000e+00
7.723617763739065722e-02,1.619611949459303091e+00,1.000000000000000000e+00
2.506784008581016021e+00,1.275990942493040237e+00,0.000000000000000000e+00
8.236328845087705908e-01,1.538623951969979142e+00,1.000000000000000000e+00
9.998813328273463696e-01,1.525104041112872455e+00,0.000000000000000000e+00
3.159926681879982269e+00,1.851984131927995048e+00,1.000000000000000000e+00
3.549473038176818029e+00,6.037061080506567201e-01,1.000000000000000000e+00
1.493990464810194041e+00,6.880507156686386239e-01,0.000000000000000000e+00
2.671275027389847789e+00,1.162117553151904126e+00,0.000000000000000000e+00
3.556227950393351378e+00,3.301686982863802911e+00,1.000000000000000000e+00
3.079440231198398603e+00,2.446735124305301934e+00,0.000000000000000000e+00
3.691719050837580784e+00,3.497554562146882873e-01,0.000000000000000000e+00
6.526884279753057960e-01,3.398107441035440157e+00,1.000000000000000000e+00
2.432490162240509957e+00,2.430940947101567495e-01,1.000000000000000000e+00
1.452205883754171811e+00,9.302123303910465602e-01,1.000000000000000000e+00
2.010857935554652087e+00,3.256526588335693972e+00,0.000000000000000000e+00
3.141273764742071428e+00,2.181689224210265010e+00,0.000000000000000000e+00
2.698247782885929702e-01,1.987075436688002128e+00,0.000000000000000000e+00
3.770260112257611596e+00,9.108533736350121757e-03,0.000000000000000000e+00
2.935568528128995602e-01,2.641561553039492694e+00,1.000000000000000000e+00
1.758545993218474379e+00,3.700463532925274190e+00,0.000000000000000000e+00
1.566445001254859193e-01,3.848227960851944296e-01,0.000000000000000000e+00
3.873041628388817159e+00,4.552986961012015499e-01,1.000000000000000000e+00
1.328737234383969845e+00,2.284504537994758611e+00,0.000000000000000000e+00
3.578828496509704138e+00,1.860935710874545013e+00,0.000000000000000000e+00
2.515034110959772917e+00,2.693034573812060017e+00,0.000000000000000000e+00
3.908085717867278763e+00,3.015579047036155647e+00,0.000000000000000000e+00
2.446352712466843826e-01,2.336268215369937895e+00,0.000000000000000000e+00
7.599248877139088698e-01,3.284416437455946358e+00,0.000000000000000000e+00
1.496386021297412050e+00,1.936921401555769418e+00,1.000000000000000000e+00
6.449382169167781065e-01,3.032077530369658103e+00,0.000000000000000000e+00
1.019796577028966755e+00,2.979830459285126576e+00,0.000000000000000000e+00
1.575258379562693989e-01,3.132297914664270433e+00,1.000000000000000000e+00
2.993317750669765687e+00,2.144347935102927316e+00,0.000000000000000000e+00
6.145912192628526505e-01,2.892923485167306907e-01,1.000000000000000000e+00
5.647192224760733126e-03,2.116612379588842963e+00,1.000000000000000000e+00
1.602866630276933879e+00,3.509457180583185565e+00,0.000000000000000000e+00
1.046260460512422608e+00,1.381396144851359864e+00,1.000000000000000000e+00
7.522768649924760354e-01,5.848762897275250339e-02,0.000000000000000000e+00
5.512408119809593110e-01,4.726775303234087566e-01,1.000000000000000000e+00
3.737074883304378314e+00,7.344273019644864675e-01,0.000000000000000000e+00
9.908669764931099522e-02,2.110368429282116765e-01,0.000000000000000000e+00
2.911445308358397543e+00,1.847123648071056223e+00,0.000000000000000000e+00
3.076307196836323143e-01,2.439483483680311871e+00,1.000000000000000000e+00
2.528152814653998881e+00,8.268598857249873646e-01,0.000000000000000000e+00
2.016498853824127746e+00,1.212226118186004342e+00,1.000000000000000000e+00
3.651017956932443909e+00,5.322579496461194992e-01,0.000000000000000000e+00
3.603087768018818693e+00,3.175189617602970582e+00,1.000000000000000000e+00
2.412233207006048818e+00,2.738367749763953363e+00,0.000000000000000000e+00
3.800109095174424301e+00,2.580386627434754665e+00,0.000000000000000000e+00
3.754432811455482799e+00,3.363913499905273330e+00,1.000000000000000000e+00
2.955659328536921482e+00,2.842742402103416666e+00,0.000000000000000000e+00
6.314965010292863390e-01,3.917148907572812977e+00,0.000000000000000000e+00
3.460358643576412430e+00,3.514032550118330711e+00,1.000000000000000000e+00
2.875123713440359552e-01,2.458204924219634879e+00,0.000000000000000000e+00
3.828939551166814503e+00,3.576855956411205018e+00,1.000000000000000000e+00
1.261596382481092515e+00,3.908312264201422082e+00,1.000000000000000000e+00
2.058733058692083784e+00,1.885014805929871251e+00,1.000000000000000000e+00
3.980352424022008062e+00,4.165255039560484818e-01,1.000000000000000000e+00
1.699231018154301331e+00,3.091323340438814515e+00,0.000000000000000000e+00
1.876348358118548720e+00,3.026993214243543839e+00,1.000000000000000000e+00
2.638188531384290325e+00,1.820910573046722103e+00,0.000000000000000000e+00
2.606580611010951287e+00,2.053704221412244735e-02,1.000000000000000000e+00
2.675952135998551640e+00,3.675410487197594556e+00,1.000000000000000000e+00
2.696619255416182082e+00,5.534080184027265759e-01,1.000000000000000000e+00
3.374252721678128619e+00,2.425231059820996293e+00,1.000000000000000000e+00
3.755138584328691298e+00,3.011814552813271817e+00,0.000000000000000000e+00
8.617854313616479800e-02,1.437648420261707471e+00,1.000000000000000000e+00
6.792344129201599578e-01,1.166675475468255119e+00,1.000000000000000000e+00
3.916772919509641682e+00,9.007291109758837067e-01,1.000000000000000000e+00
2.487197910899185516e+00,7.639167190350750758e-01,0.000000000000000000e+00
2.394033828509871675e-01,3.511982657232755933e+00,0.000000000000000000e+00
8.865862738849741298e-01,1.586934998548779507e+00,1.000000000000000000e+00
8.788128173276104071e-01,8.370974718138191051e-01,1.000000000000000000e+00
2.083337238247503276e+00,2.828433661662766774e+00,0.000000000000000000e+00
2.201210047301394912e+00,9.170602279092618936e-01,1.000000000000000000e+00
1.748614030288947685e+00,1.221693564754907868e+00,0.000000000000000000e+00
3.526055290607408743e+00,3.283501292023891960e+00,1.000000000000000000e+00
1.057886154689812397e+00,3.457545018298514794e+00,1.000000000000000000e+00
2.517396651589392409e+00,1.417406683618372742e+00,1.000000000000000000e+00
3.043944945465977270e-01,2.091311556536028515e+00,1.000000000000000000e+00
2.256525126352885824e+00,3.072539895392473852e+00,1.000000000000000000e+00
1.378885656073884469e+00,1.757143594026167044e+00,0.000000000000000000e+00
2.506126592683089793e+00,3.810405881639233883e-01,1.000000000000000000e+00
1.021941673984266608e+00,1.301799105722646122e+00,0.000000000000000000e+00
3.659344799007697713e+00,3.439747602708258523e+00,1.000000000000000000e+00
1.732084209774934713e+00,2.722940322034101968e-01,0.000000000000000000e+00
1.697812723352718933e+00,3.525654553578343897e+00,1.000000000000000000e+00
6.980770750334741592e-02,2.748578223863877845e+00,0.000000000000000000e+00
2.258973244567513028e+00,3.358976001715657578e+00,1.000000000000000000e+00
1.027319705099400515e+00,1.727787870934250236e+00,0.000000000000000000e+00
3.314118358558419519e+00,8.510709338914645983e-01,0.000000000000000000e+00
3.533652794248481221e+00,1.884141603789957209e-01,1.000000000000000000e+00
4.138817195902371182e-01,3.766385583562576578e+00,1.000000000000000000e+00
2.383661451420628907e-01,8.411228977194302736e-01,0.000000000000000000e+00
3.778515549342338353e+00,3.749319673595246094e-01,1.000000000000000000e+00
2.822158380060777016e+00,6.741819030232667487e-01,1.000000000000000000e+00
3.130119751951385254e+00,2.522712658663056384e+00,1.000000000000000000e+00
3.633683970740016811e+00,2.199461651319920996e+00,1.000000000000000000e+00
2.721000427131982313e+00,3.477052238283081742e+00,1.000000000000000000e+00
5.168590345689452192e-01,2.208949690589494974e+00,1.000000000000000000e+00
3.770025588462479149e+00,3.499918998020822958e+00,1.000000000000000000e+00
1.414534847731267586e+00,3.518654180265881948e+00,0.000000000000000000e+00
2.579179774114900514e+00,1.313325903271263417e+00,1.000000000000000000e+00
1.073620558584494233e+00,3.786665767725504228e+00,0.000000000000000000e+00
2.881321771842548785e-02,3.795281337717875125e-01,0.000000000000000000e+00
3.908144626798141008e+00,4.354514707986782973e-01,1.000000000000000000e+00
3.728717448114935884e+00,3.023266552113037520e-01,0.000000000000000000e+00
1.678296827972689087e+00,3.039077182358560503e+00,0.000000000000000000e+00
1.975879751777724458e+00,2.152612266617119907e-01,0.000000000000000000e+00
3.107274779813215204e+00,3.633406205709062142e-01,1.000000000000000000e+00
2.804467439515627269e+00,1.503236674783417826e+00,1.000000000000000000e+00
1.518600312617825132e+00,3.061196978883292008e+00,0.000000000000000000e+00
2.096857309202871722e+00,3.830006325390763688e+00,1.000000000000000000e+00
2.928678034269134312e+00,3.605805390060040416e+00,1.000000000000000000e+00
2.062046144226798994e+00,8.322025623873150479e-01,0.000000000000000000e+00
1.279556855596095666e-01,3.052676060718884976e+00,0.000000000000000000e+00
3.856767980130680229e+00,2.123851611531195616e-01,1.000000000000000000e+00
3.495432642857207117e+00,3.799305553631722177e+00,0.000000000000000000e+00
8.856120633316324486e-01,2.085882373328220574e+00,1.000000000000000000e+00
4.865227305987036566e-01,2.885988451758026763e+00,0.000000000000000000e+00
3.666458922969111800e+00,3.923601802938357253e+00,1.000000000000000000e+00
5.573818686681266676e-01,2.538610971857698129e+00,1.000000000000000000e+00
1.383923194536576862e+00,1.696983626208110607e-01,1.000000000000000000e+00
4.723689621943290007e-01,3.880097134515390511e+00,1.000000000000000000e+00
1.476826353493119637e+00,2.525678084703552706e+00,1.000000000000000000e+00
1.658147628968762000e+00,3.072951427819098580e+00,1.000000000000000000e+00
1.251216419552674264e+00,2.772563392031716756e+00,1.000000000000000000e+00
2.449239807191089469e+00,1.661247832657306134e+00,0.000000000000000000e+00
1.338962317395580914e+00,2.637992699863143109e+00,0.000000000000000000e+00
2.137620117229064753e+00,1.373572213162705502e+00,0.000000000000000000e+00
9.502174088350017200e-01,5.767458569286256775e-01,0.000000000000000000e+00
1.423497686417989350e-01,2.505387852398984094e+00,0.000000000000000000e+00
2.723233131136283625e+00,4.000654074883107647e-01,1.000000000000000000e+00
3.162674862255382191e+00,2.708542163833913996e+00,0.000000000000000000e+00
2.342801602145054396e+00,5.985922986958027714e-01,1.000000000000000000e+00
3.364233520194174876e+00,9.360916323085404223e-01,0.000000000000000000e+00
8.662439801478356571e-01,2.154808431877109687e+00,0.000000000000000000e+00
2.375399848566752681e-01,2.648175310347935518e+00,1.000000000000000000e+00
2.133322156661097146e-01,2.339188274106768883e+00,1.000000000000000000e+00
2.206149304769586816e+00,7.855307226780849916e-01,1.000000000000000000e+00
4.709139945049840570e-01,1.374867568141573848e+00,0.000000000000000000e+00
1.875582286659446485e+00,3.246499761688302232e+00,0.000000000000000000e+00
1.859428596492306962e+00,1.341472520617241759e+00,0.000000000000000000e+00
1.855378676503630420e+00,2.383492108721415814e+00,1.000000000000000000e+00
3.641623169431659868e+00,2.051638334065711611e+00,0.000000000000000000e+00
1.977856359357128113e+00,4.360609496191054646e-01,1.000000000000000000e+00
3.989548973475616656e+00,3.817800466842674822e+00,0.000000000000000000e+00
5.778389424864571744e-01,1.032488894785856370e+00,1.000000000000000000e+00
2.101331806242717537e+00,1.214943132397209968e+00,1.000000000000000000e+00
2.026038689962970540e+00,3.437417795581585445e-01,1.000000000000000000e+00
1.057303246628992444e+00,3.458283848162807317e+00,1.000000000000000000e+00
1.118848998117109694e+00,2.363791199771534401e+00,0.000000000000000000e+00
1.926228754894769413e+00,8.351883319947455142e-01,1.000000000000000000e+00
3.006516239417544867e-02,3.271255623257407485e+00,0.000000000000000000e+00
2.629969680299147683e+00,1.290011264268108970e+00,0.000000000000000000e+00
2.832804658699181743e-01,1.817897571910191523e+00,0.000000000000000000e+00
3.511135963714917096e+00,1.189280567889722473e+00,0.000000000000000000e+00
6.980191747083859255e-01,8.460651310700844085e-01,1.000000000000000000e+00
1.120777065423135710e+00,3.860372272978409569e-01,1.000000000000000000e+00
3.188657506595791613e+00,3.844738696781555554e-01,0.000000000000000000e+00
2.722535567363813858e+00,6.821006682837102986e-01,1.000000000000000000e+00
1.033820140798173526e+00,3.456496651057612279e+00,1.000000000000000000e+00
3.001278194357777096e+00,1.024234348446125598e+00,1.000000000000000000e+00
3.585734779000508077e+00,2.491779986948122527e+00,0.000000000000000000e+00
5.962634041541550189e-01,3.091894993010837478e+00,1.000000000000000000e+00
2.824817347908611609e+00,1.911575092095100015e+00,1.000000000000000000e+00
2.094155998225385673e+00,3.510660172274949531e+00,0.000000000000000000e+00
1.805961539308599928e+00,4.370941151778424683e-01,1.000000000000000000e+00
2.790633492641645397e+00,9.228012318580347539e-02,0.000000000000000000e+00
9.422080931640266499e-01,3.535436392652585358e+00,0.000000000000000000e+00
1.641841386790177104e-01,7.568981334472444367e-01,1.000000000000000000e+00
2.181404879490414839e+00,2.055654289363989751e+00,0.000000000000000000e+00
1.972298644936171907e+00,3.105633411446063974e+00,1.000000000000000000e+00
1.981738508612424177e+00,3.384202809434060377e-01,0.000000000000000000e+00
5.836751667345132510e-01,7.685956072500310654e-01,1.000000000000000000e+00
3.612095722600921821e+00,1.857823014840052966e+00,1.000000000000000000e+00
7.704218300500045302e-01,1.767989863803181461e+00,0.000000000000000000e+00
2.600849159375409947e+00,8.671277131706531804e-01,0.000000000000000000e+00
3.073098636053602561e+00,1.381179038933387115e+00,0.000000000000000000e+00
1.576560379385627542e+00,8.730921684986929776e-01,0.000000000000000000e+00
3.487805654488953966e+00,1.998459839504457936e+00,1.000000000000000000e+00
1.503499106340127955e+00,1.976815052981865328e+00,1.000000000000000000e+00
2.781258145829055728e+00,3.762822425754586142e+00,1.000000000000000000e+00
3.156300529453888171e+00,2.830590249063202890e-01,1.000000000000000000e+00
2.389791562588015061e+00,2.432047122805139683e+00,0.000000000000000000e+00
2.359355443579318479e+00,2.243382081194724265e+00,1.000000000000000000e+00
1.705231579410309894e+00,1.720366600145311065e+00,1.000000000000000000e+00
3.552656273098008466e+00,2.301050585105008928e-01,0.000000000000000000e+00
3.024764241314752411e-01,1.739653379402028133e+00,0.000000000000000000e+00
5.809733372931602524e-01,1.970721696497065079e+00,0.000000000000000000e+00
2.529725394138826911e+00,2.591553993044694693e+00,1.000000000000000000e+00
1.442976147942782728e+00,3.518610086455495889e+00,0.000000000000000000e+00
1.769521340252963260e+00,1.961637653453358165e+00,0.000000000000000000e+00
2.207314480115085242e+00,2.735244255889183851e+00,0.000000000000000000e+00
1.808407045688303683e+00,2.035113700586161478e+00,1.000000000000000000e+00
2.082725799982636072e+00,2.813274703228577422e+00,0.000000000000000000e+00
3.791741169063388206e+00,2.683896039126115962e+00,1.000000000000000000e+00
2.789028273459355667e+00,7.078308677894495915e-01,0.000000000000000000e+00
1.774446624777140435e+00,2.039754626681515859e-01,0.000000000000000000e+00
1.310526971337321545e+00,5.226156262679371167e-01,0.000000000000000000e+00
3.652758597390919793e+00,1.104296067939137149e+00,0.000000000000000000e+00
1.563363424060830287e+00,2.770986379099380947e+00,0.000000000000000000e+00
2.857803088956861970e+00,1.802223423592534957e+00,0.000000000000000000e+00
7.270454689232592749e-01,3.061101286393730359e+00,1.000000000000000000e+00
1.808596870527309441e+00,3.980010480221896518e+00,1.000000000000000000e+00
6.586040655917613229e-01,3.014955533746491056e+00,1.000000000000000000e+00
3.429186899173365166e+00,1.693830353765421126e+00,0.000000000000000000e+00
1.038141141048770866e+00,1.477962885763176804e+00,1.000000000000000000e+00
3.978947893012665382e+00,3.886830531666797039e+00,1.000000000000000000e+00
3.176719373085961973e+00,3.901503801634783386e+00,0.000000000000000000e+00
2.807680340036314615e+00,3.134939997547586010e+00,0.000000000000000000e+00
3.385978159195013326e+00,3.061149710145079528e+00,1.000000000000000000e+00
8.530597887080335617e-01,2.139136847457921764e+00,0.000000000000000000e+00
3.398576135195093606e+00,1.836755282131283362e+00,1.000000000000000000e+00
1.629469568566420890e+00,5.171799903235245743e-01,0.000000000000000000e+00
2.832678827757591389e+00,2.471930274894842405e+00,0.000000000000000000e+00
1.672048643028328119e+00,1.146136106748490757e+00,1.000000000000000000e+00
1.518077400386088627e-01,2.819495151684492829e+00,1.000000000000000000e+00
1.055125281344426291e+00,2.980301760243016851e+00,0.000000000000000000e+00
9.037202582429979536e-01,5.766865447302516046e-02,0.000000000000000000e+00
7.039282788901397581e-01,2.489778091976365015e+00,1.000000000000000000e+00
2.067901008712034194e+00,3.814328659668340116e+00,0.000000000000000000e+00
3.273189917060057130e+00,2.346675467748592592e+00,0.000000000000000000e+00
1.721626707537978973e+00,3.520215011491037327e+00,1.000000000000000000e+00
2.347952172846405006e+00,3.583233285577009042e+00,0.000000000000000000e+00
1.349565857071239883e-01,6.977073880172675047e-01,1.000000000000000000e+00
1.154440560271542626e+00,2.931049847939049435e+00,0.000000000000000000e+00
2.865683734834423735e+00,3.884736896762763347e+00,0.000000000000000000e+00
2.864053804378497770e+00,3.968199219984215986e+00,0.000000000000000000e+00
2.767850751596837355e+00,2.201150239631256778e+00,1.000000000000000000e+00
2.970859451756683978e+00,2.773351334987133932e+00,0.000000000000000000e+00
2.351501440527424602e+00,1.521525024110167212e+00,1.000000000000000000e+00
9.235304502104670910e-01,8.752070422330815447e-01,0.000000000000000000e+00
2.031227810043614301e+00,3.115675577923942452e+00,1.000000000000000000e+00
1.484731985989871994e+00,3.524903411094659766e+00,1.000000000000000000e+00
3.080073644239436970e+00,3.091661166998703525e+00,0.000000000000000000e+00
3.091502075781081160e+00,7.531589332785442181e-01,1.000000000000000000e+00
2.507387516432197927e-01,1.859080756779229127e+00,0.000000000000000000e+00
3.854953990061664726e+00,2.380088442466927745e-01,0.000000000000000000e+00
1.373103588639919437e+00,2.294492177945484102e+00,0.000000000000000000e+00
3.490220364352299764e+00,1.350169326854737228e+00,0.000000000000000000e+00
2.831515718279392413e+00,2.443013184924284875e+00,0.000000000000000000e+00
4.082193734569372623e-01,3.268721505110489201e+00,0.000000000000000000e+00
3.777989126542939502e+00,1.748335933425131827e+00,0.000000000000000000e+00
3.144649546231354176e+00,2.630854281882172074e+00,1.000000000000000000e+00
3.156458157144893306e+00,1.402964812256430882e+00,1.000000000000000000e+00
1.184765960499971627e+00,9.947704335507632223e-01,1.000000000000000000e+00
9.317129646029527201e-01,7.329123666738488474e-01,1.000000000000000000e+00
6.432515160057907799e-01,1.421948150581629822e+00,1.000000000000000000e+00
1.256395649145773064e+00,3.159511550246917988e+00,1.000000000000000000e+00
2.025130644948237357e+00,2.659723376968188724e+00,0.000000000000000000e+00
8.203819886388812321e-01,3.606308055008498936e+00,1.000000000000000000e+00
3.899472935128897255e+00,9.894850171889029156e-01,1.000000000000000000e+00
1.243459975340362345e+00,2.290045638021553920e-01,0.000000000000000000e+00
5.526873090045265613e-01,1.215016428835550943e+00,1.000000000000000000e+00
2.978438334521251285e+00,1.306483442795055350e+00,0.000000000000000000e+00
4.606044564055742363e-01,2.799208597258969533e+00,1.000000000000000000e+00
1.689945040129590126e+00,1.679755717933794301e+00,0.000000000000000000e+00
1.799334212838997082e+00,2.171202275022112271e+00,0.000000000000000000e+00
3.159673374662636203e+00,7.368419726257000590e-01,0.000000000000000000e+00
2.649647553117757681e-01,9.130357349969955294e-01,1.000000000000000000e+00
2.771840382951216597e+00,2.149787527004471510e+00,1.000000000000000000e+00
3.103477592183131240e+00,3.350283770372672443e+00,1.000000000000000000e+00
1.950091329454602729e+00,1.162451131490813694e-01,0.000000000000000000e+00
3.863117182958613949e+00,3.764022504598947272e+00,0.000000000000000000e+00
2.556447517298972905e+00,3.829625720274520972e-01,0.000000000000000000e+00
5.860280028269504449e-01,1.308143372272281724e+00,1.000000000000000000e+00
3.463010945985589562e+00,1.828974778826792491e+00,0.000000000000000000e+00
2.330677116630318846e+00,2.222899796292678865e+00,1.000000000000000000e+00
8.852467489672073420e-01,2.145830499402639369e+00,1.000000000000000000e+00
2.346935684285366808e+00,9.325631208590845489e-01,0.000000000000000000e+00
1.860107739844147012e+00,3.784301693787720744e+00,0.000000000000000000e+00
2.660941861564980915e+00,1.061391499172588571e+00,1.000000000000000000e+00
8.998065365315297548e-01,1.373610518769978750e+00,0.000000000000000000e+00
1.318009409405669796e+00,2.759493321145222389e+00,1.000000000000000000e+00
3.259089058444899489e+00,2.679594871638294240e+00,0.000000000000000000e+00
3.137551429550519799e+00,2.430801304447247624e-01,0.000000000000000000e+00
1.772418833918975700e+00,2.280847848421532209e+00,0.000000000000000000e+00
3.331515997687808373e-01,1.101920646185438279e+00,0.000000000000000000e+00
2.346023144667920501e+00,2.433808529161352485e+00,0.000000000000000000e+00
1.135933273998495086e+00,1.321864080644439721e+00,1.000000000000000000e+00
7.722107526322297133e-03,3.192672364478418068e+00,0.000000000000000000e+00
1.817079271340270363e+00,1.966833639229195629e+00,0.000000000000000000e+00
3.522220735222790555e+00,1.283395668380470589e+00,1.000000000000000000e+00
3.074582448615903907e+00,3.419678656255153992e+00,0.000000000000000000e+00
1.587648136138986921e+00,2.939336773204036746e+00,0.000000000000000000e+00
1.287271198377725856e+00,1.235315580146882919e+00,1.000000000000000000e+00
2.789311502280074073e+00,3.222348794345335943e+00,0.000000000000000000e+00
3.078245880138418489e+00,2.653217316693257111e-01,0.000000000000000000e+00
1.191515771626764142e+00,1.284029714907930497e-03,1.000000000000000000e+00
1.936418971150257740e-01,2.657682729524665000e+00,0.000000000000000000e+00
1.204185211892621066e+00,3.594410416388119867e+00,0.000000000000000000e+00
1.584706746248859766e+00,4.751527103560353460e-01,0.000000000000000000e+00
1.031182309745957593e+00,2.671408945439088356e+00,1.000000000000000000e+00
2.119455467835339668e+00,2.218016682770592496e+00,1.000000000000000000e+00
3.394098594560963633e-01,3.545932121638530887e+00,0.000000000000000000e+00
9.457152015241510057e-01,3.480273852907795895e+00,0.000000000000000000e+00
1.541123106956543420e+00,1.712676114124722648e+00,1.000000000000000000e+00
1.702447204554141891e+00,1.467649745711382181e+00,0.000000000000000000e+00
3.928274860904359400e-01,1.118023467413356009e-01,1.000000000000000000e+00
2.650177904409844132e+00,2.861253788068982118e+00,0.000000000000000000e+00
3.550769007367272856e+00,1.124499659314942335e+00,0.000000000000000000e+00
1.771947092081219477e+00,3.031522858300630396e-01,0.000000000000000000e+00
3.218273424179662889e-01,2.140411104045257584e+00,0.000000000000000000e+00
6.778059867581509579e-01,3.284898397746165433e+00,1.000000000000000000e+00
1.498318569169417191e+00,3.648279886250683113e+00,1.000000000000000000e+00
1.707833720228446595e+00,2.547903397794228031e+00,0.000000000000000000e+00
3.771464055521072112e+00,3.540900604445436084e+00,0.000000000000000000e+00
4.214601170510867689e-03,4.014236052591253490e-01,0.000000000000000000e+00
2.681766643460979704e+00,6.432466857639407287e-01,0.000000000000000000e+00
2.108339992084188541e+00,3.136567811943865358e+00,0.000000000000000000e+00
1.434048251065659141e+00,4.220935129165641619e-01,1.000000000000000000e+00
3.500329215697693730e+00,3.870057592269420699e+00,0.000000000000000000e+00
3.545827807836312573e-01,2.165895889436057153e+00,1.000000000000000000e+00
5.930253826559028774e-01,2.785041346644650417e+00,1.000000000000000000e+00
3.550983273123759165e+00,1.434769947716119098e+00,1.000000000000000000e+00
8.661857566730648550e-01,9.413376857477073756e-02,0.000000000000000000e+00
2.253725500580735286e+00,2.023794267920886014e+00,1.000000000000000000e+00
9.419283606123580732e-01,7.337076520447984862e-01,0.000000000000000000e+00
1.865078470273058731e+00,3.290975851422794030e+00,0.000000000000000000e+00
9.890035642627026391e-01,8.175083864615602103e-01,0.000000000000000000e+00
1.293728593911273705e+00,4.778257518465678366e-01,0.000000000000000000e+00
1.587292489972712772e+00,2.775538142939458552e+00,1.000000000000000000e+00
1.844444698433314933e+00,1.488390030487107829e-01,1.000000000000000000e+00
5.015164624388770420e-01,1.886569576458118735e+00,0.000000000000000000e+00
1.661125248254485154e+00,1.511286920742911377e+00,0.000000000000000000e+00
2.570168155629228846e+00,1.675969550539151864e+00,1.000000000000000000e+00
3.382505540648388376e+00,1.690910912689158607e-02,1.000000000000000000e+00
1.197953192644756193e-01,4.082668165830658502e-01,0.000000000000000000e+00
7.599731804717877459e-01,3.465013531717932249e+00,1.000000000000000000e+00
3.620620130938320358e+00,7.948011552764011611e-02,0.000000000000000000e+00
2.373966626127869350e+00,2.407383218392070923e+00,0.000000000000000000e+00
1.023932910255079154e+00,3.260745654962669438e+00,1.000000000000000000e+00
3.244494889640004764e+00,1.158537371983765052e+00,0.000000000000000000e+00
1.596356072045708174e+00,1.686547732859874582e+00,1.000000000000000000e+00
2.966556586064281298e+00,2.078855361596084972e+00,0.000000000000000000e+00
2.170168828095266456e+00,4.659042618220090581e-01,0.000000000000000000e+00
3.570449784792133929e+00,2.769780999257967391e+00,0.000000000000000000e+00
2.726952953664837587e+00,3.452999148283540265e+00,1.000000000000000000e+00
1.654300603872828734e+00,3.370197403161850680e+00,1.000000000000000000e+00
6.333788141270257910e-01,3.288588496518549675e+00,0.000000000000000000e+00
4.188631790724706150e-02,1.598284735149959612e+00,0.000000000000000000e+00
1.975051374995808295e+00,3.892356205448792572e+00,1.000000000000000000e+00
3.123066162517760702e+00,1.551317882595394160e+00,0.000000000000000000e+00
3.181330542401901162e-01,1.802844082716014373e+00,0.000000000000000000e+00
3.806681299290165743e+00,1.472223285235922052e+00,0.000000000000000000e+00
8.758162545563519252e-01,3.660043968678026172e+00,1.000000000000000000e+00
1.449534841928724394e+00,1.305981073049884422e+00,0.000000000000000000e+00
7.782655121406234500e-02,2.227995109699679510e+00,1.000000000000000000e+00
3.786880591554543152e+00,1.485457096401061161e+00,0.000000000000000000e+00
3.850793009468983730e+00,2.647377094721059976e+00,1.000000000000000000e+00
1.469824907259140279e+00,2.948151408102443582e+00,1.000000000000000000e+00
2.163150166850020817e+00,3.800602220205243409e+00,1.000000000000000000e+00
1.754675364928360626e+00,3.156131662385842418e+00,1.000000000000000000e+00
2.415143845703835446e-01,2.719835145335226745e+00,0.000000000000000000e+00
2.928452880677262726e+00,2.343671110666841528e+00,1.000000000000000000e+00
1.705691461623508598e+00,2.182589258533754073e+00,1.000000000000000000e+00
3.422967896013903832e+00,1.006360583773465045e+00,0.000000000000000000e+00
1.101248368185729909e-01,1.885562383229508310e+00,1.000000000000000000e+00
1.716271817745207429e-01,3.581693381455639091e+00,0.000000000000000000e+00
1.492086978797759755e+00,3.126081970318316916e+00,0.000000000000000000e+00
1.141450566741001094e+00,1.432961637420861134e+00,0.000000000000000000e+00
2.954469972979804293e+00,6.448531266165620224e-01,0.000000000000000000e+00
3.725070026746965191e+00,1.106822306871489747e+00,0.000000000000000000e+00
2.149176163765853520e+00,2.984156342426691033e+00,0.000000000000000000e+00
1.873076089967355973e+00,3.322106591567039580e+00,0.000000000000000000e+00
3.920033052076599578e+00,1.330672733485415815e+00,1.000000000000000000e+00
2.624283574156769383e-01,2.855119696679263797e+00,0.000000000000000000e+00
3.867582379997434927e+00,7.423456447542031711e-01,0.000000000000000000e+00
2.490744814179777666e+00,3.569897377999053933e+00,1.000000000000000000e+00
2.669733973017855977e+00,5.047985006166308963e-01,1.000000000000000000e+00
2.629009965534687687e-01,1.234926750250814997e+00,0.000000000000000000e+00
3.264776025016434602e+00,3.248862692191493373e+00,0.000000000000000000e+00
6.551640301972470048e-01,2.111400838886435150e+00,1.000000000000000000e+00
1.206087977109019604e+00,6.863665083777577003e-01,1.000000000000000000e+00
2.160326157652777468e+00,2.897284384887312658e+00,0.000000000000000000e+00
6.633768449988983740e-01,3.389704772501337615e+00,0.000000000000000000e+00
1.964915476488850565e+00,1.788883694330196672e+00,0.000000000000000000e+00
2.590095959169066653e+00,2.037352135357817229e+00,1.000000000000000000e+00
3.428446095223721013e+00,1.594750676472817652e+00,1.000000000000000000e+00
2.014621899976009711e+00,1.964911995532668598e+00,1.000000000000000000e+00
2.190159778955731440e+00,2.844640190397056401e+00,0.000000000000000000e+00
1.878757192939213727e+00,2.271621274213635466e+00,1.000000000000000000e+00
2.240774455400830867e+00,1.409248169428876984e+00,1.000000000000000000e+00
1.479618804721026137e+00,1.714235193436342009e-01,1.000000000000000000e+00
1.904257081040286348e+00,2.160789887750440563e+00,0.000000000000000000e+00
2.595041550634635819e+00,1.818276558679140731e+00,0.000000000000000000e+00
9.229086134967716681e-01,2.657690287486275338e+00,1.000000000000000000e+00
