5.786276853011938781e-02,-2.084330787717452935e-02,1.000000000000000000e+00
8.685897315566870613e-01,-5.014760777457207830e-01,1.000000000000000000e+00
3.207160416057160957e-01,-2.620310215617180707e-02,1.000000000000000000e+00
-9.544754585593240304e-01,7.102101143093488833e-01,1.000000000000000000e+00
-5.781984095856443906e-01,1.153420690121285536e-01,1.000000000000000000e+00
-6.018930191382543260e-01,2.067389464288952872e-01,1.000000000000000000e+00
9.467109058018341461e-01,-5.311448887837534327e-01,1.000000000000000000e+00
1.410992055079999252e-01,-3.224726073068298181e-03,1.000000000000000000e+00
1.042389058356155251e+00,-8.719871001755300499e-01,1.000000000000000000e+00
7.793289753079393201e-01,-4.214319404620489595e-01,1.000000000000000000e+00
1.470931599543474633e-01,-8.285665057979979542e-02,1.000000000000000000e+00
8.568854996915854505e-01,-6.760235133072964864e-01,1.000000000000000000e+00
4.987021862517567183e-01,-1.380350407631145138e-01,1.000000000000000000e+00
-1.018407257163983504e+00,8.319826407571436766e-01,1.000000000000000000e+00
-7.890216745988986036e-01,5.026350821451472939e-01,1.000000000000000000e+00
-8.962970093588745746e-01,4.711530424877488077e-01,1.000000000000000000e+00
-3.347902202810508210e-01,8.587123645833115437e-02,1.000000000000000000e+00
8.118695209000342805e-01,-3.176159073898118801e-01,1.000000000000000000e+00
3.434269366612370256e-01,-1.111395182283927419e-01,1.000000000000000000e+00
6.621608754728631752e-01,-2.960210585049511400e-01,1.000000000000000000e+00
-1.040751200571091939e+00,7.765718563394085061e-01,1.000000000000000000e+00
-5.193638899588236546e-01,1.856485289494172464e-01,1.000000000000000000e+00
9.124556882181138473e-01,-6.459570944461322517e-01,1.000000000000000000e+00
-1.006890346233264344e+00,7.893230976374682184e-01,1.000000000000000000e+00
-6.647219414702993934e-01,2.538761376019840199e-01,1.000000000000000000e+00
7.965467336424294498e-01,-4.154783091138822826e-01,1.000000000000000000e+00
7.621155259047758257e-01,-4.266495931284112197e-01,1.000000000000000000e+00
4.385121963235277254e-01,-1.729607891517195850e-01,1.000000000000000000e+00
5.611815053063348158e-01,-2.221127928997768120e-01,1.000000000000000000e+00
-2.297166872826196526e-01,-2.240370012042232351e-02,1.000000000000000000e+00
-1.020140780125023738e+00,9.426589126947555464e-01,1.000000000000000000e+00
-3.548658541996799892e-02,1.341677542792038894e-02,1.000000000000000000e+00
-5.666321551015973679e-01,1.249437483878648725e-01,1.000000000000000000e+00
6.243366275836851331e-01,-2.147550388417968636e-01,1.000000000000000000e+00
-4.471892981238316245e-01,8.182784248451577258e-02,1.000000000000000000e+00
7.995481263797401539e-01,-3.529237215084379820e-01,1.000000000000000000e+00
-9.919188793390062431e-01,8.493284346464534673e-01,1.000000000000000000e+00
6.659899680559447921e-01,-2.294975335340843081e-01,1.000000000000000000e+00
1.888015021572592503e-02,-9.688049050694275133e-02,1.000000000000000000e+00
-9.877601015570259824e-01,9.770725589461275451e-01,1.000000000000000000e+00
-9.694606305036066463e-01,7.480473699621974504e-01,1.000000000000000000e+00
-3.792439846245556634e-01,7.049534421436971787e-03,1.000000000000000000e+00
7.058062124805507542e-01,-4.037602239078322275e-01,1.000000000000000000e+00
1.014347761769823109e+00,-7.813471002001718402e-01,1.000000000000000000e+00
4.264707091445307796e-01,-1.243101924688708726e-01,1.000000000000000000e+00
-9.107555940018392526e-01,5.085286354319277224e-01,1.000000000000000000e+00
5.116995326782992626e-01,-1.388404661736602486e-01,1.000000000000000000e+00
3.632528224038508724e-01,-4.838530142853228466e-02,1.000000000000000000e+00
6.718143423561252492e-01,-2.501787382889456013e-01,1.000000000000000000e+00
5.556290632998056589e-01,-2.002468708439646417e-01,1.000000000000000000e+00
7.170317613087303643e-01,-2.988412654289516746e-01,1.000000000000000000e+00
-6.453836924180910151e-01,2.083290328455784102e-01,1.000000000000000000e+00
-5.430321119574664790e-01,1.504573524158885067e-01,1.000000000000000000e+00
1.140805945230144308e-01,-1.218255752942367237e-01,1.000000000000000000e+00
5.837464289408883511e-01,-2.327177723379502405e-01,1.000000000000000000e+00
8.022730449127534191e-01,-3.847600395274484719e-01,1.000000000000000000e+00
-5.874985017892421224e-01,1.608178504290543043e-01,1.000000000000000000e+00
-4.689004146168597731e-01,1.012270814317867279e-01,1.000000000000000000e+00
5.338115327130830146e-01,-1.679504427506273989e-01,1.000000000000000000e+00
-9.287151258249526364e-01,5.560894148885964228e-01,1.000000000000000000e+00
7.665161413904270082e-01,-3.318005863747566231e-01,1.000000000000000000e+00
8.437326418771452508e-01,-5.117579576716152490e-01,1.000000000000000000e+00
7.993323820606971220e-01,-5.015082645355075641e-01,1.000000000000000000e+00
-3.602491916682886153e-01,9.649746304987930068e-02,1.000000000000000000e+00
-1.473947605814678874e-01,-2.197848131456638793e-02,1.000000000000000000e+00
-4.618109606732833106e-01,1.028097704854159244e-01,1.000000000000000000e+00
-7.217312886474656075e-01,2.734433027939767724e-01,1.000000000000000000e+00
-9.517951305907683679e-01,8.841047514175565114e-01,1.000000000000000000e+00
6.733181460883076452e-01,-2.554559618394344200e-01,1.000000000000000000e+00
9.428188954275037448e-01,-8.537783644390966042e-01,1.000000000000000000e+00
-8.953169758532032452e-01,7.918880565676237326e-01,1.000000000000000000e+00
-8.518369069160538487e-01,5.178236652476888580e-01,1.000000000000000000e+00
-8.854253169048279526e-01,5.325239836718396180e-01,1.000000000000000000e+00
9.315116426771166136e-01,-7.730178721973963718e-01,1.000000000000000000e+00
-2.981320624816050091e-01,7.014398343285196957e-03,1.000000000000000000e+00
-7.908269254121057523e-01,3.177162214217227332e-01,1.000000000000000000e+00
-9.257957826820976122e-01,7.965132997452889496e-01,1.000000000000000000e+00
3.163052622676604253e-01,-6.660375831197697105e-02,1.000000000000000000e+00
5.562077082799867789e-01,-8.736661448383231665e-02,1.000000000000000000e+00
-9.372105991169368266e-01,6.694844828240898993e-01,1.000000000000000000e+00
-6.102737614574915703e-01,2.239279589501113887e-01,1.000000000000000000e+00
-8.627810252854722917e-01,5.081675068110876881e-01,1.000000000000000000e+00
-7.095594270349571131e-01,3.797545009417045980e-01,1.000000000000000000e+00
6.678965447723446136e-01,-2.478731630969470412e-01,1.000000000000000000e+00
8.539383956288435495e-01,-6.634308918378033493e-01,1.000000000000000000e+00
-9.225692739492543648e-01,6.622169154222704579e-01,1.000000000000000000e+00
9.477005946432371930e-01,-6.393732223012903448e-01,1.000000000000000000e+00
7.259140142878406365e-01,-4.827295769680228776e-01,1.000000000000000000e+00
-3.797065955699320816e-01,1.480385622859781702e-01,1.000000000000000000e+00
8.169048058169745552e-01,-5.050884211490823672e-01,1.000000000000000000e+00
-8.847228098751731551e-01,6.301659183544789933e-01,1.000000000000000000e+00
9.257441952265056395e-01,-7.175644189922355531e-01,1.000000000000000000e+00
3.903323073637465224e-01,-1.566114220721378852e-03,1.000000000000000000e+00
-1.018129692490882476e+00,9.436260812356528360e-01,1.000000000000000000e+00
-9.889615287977789881e-01,6.003530142050937934e-01,1.000000000000000000e+00
-8.691629540101809548e-01,4.397340749141026572e-01,1.000000000000000000e+00
-7.444833891397161230e-01,4.928986514980078781e-01,1.000000000000000000e+00
6.596012499844736698e-01,-3.057994165911187001e-01,1.000000000000000000e+00
8.550797140075816483e-01,-3.598424416400338166e-01,1.000000000000000000e+00
1.070946118142138248e+00,-8.793760203307422474e-01,1.000000000000000000e+00
-1.616459249971507472e-01,-1.189786678178868413e-02,1.000000000000000000e+00
2.572496414891441430e-01,-6.025882805067560299e-02,1.000000000000000000e+00
3.662395367331241491e-01,-1.338745847293201507e-01,1.000000000000000000e+00
-9.717071362356928255e-01,8.232599678642289476e-01,1.000000000000000000e+00
9.283232882308221912e-02,-7.506755559810680822e-03,1.000000000000000000e+00
-4.174851280988465807e-01,1.561141017144831999e-01,1.000000000000000000e+00
7.852717771429719162e-01,-4.521171594562823914e-01,1.000000000000000000e+00
4.450137594871813040e-01,-1.154515385722236220e-01,1.000000000000000000e+00
6.391039942049132616e-01,-3.418426821953884920e-01,1.000000000000000000e+00
9.214299171739982475e-01,-5.404351783859872027e-01,1.000000000000000000e+00
9.436104101521943788e-01,-6.254107927644448894e-01,1.000000000000000000e+00
6.919171734491125214e-02,-8.005456256107777724e-02,1.000000000000000000e+00
-7.605841182273759271e-01,3.962455524692137243e-01,1.000000000000000000e+00
2.856886515717186881e-01,-6.879974036209819677e-02,1.000000000000000000e+00
-1.110784075619842826e+00,9.680366931384606355e-01,1.000000000000000000e+00
8.531841639499162522e-01,-4.520440620266191756e-01,1.000000000000000000e+00
6.674392347984512419e-01,-2.527533793177624832e-01,1.000000000000000000e+00
-8.905348274239820450e-01,7.675393498109567281e-01,1.000000000000000000e+00
2.916233192805064989e-01,-8.417519807319422120e-02,1.000000000000000000e+00
5.544873999455101066e-01,-2.097043726481540860e-01,1.000000000000000000e+00
-2.209395530244991912e-01,8.906896606321618171e-02,1.000000000000000000e+00
5.325841640060479110e-01,-1.126937058572106548e-01,1.000000000000000000e+00
-5.187082149762234362e-01,1.287731080298501474e-01,1.000000000000000000e+00
-2.325750782945563977e-01,3.382148027202785262e-02,1.000000000000000000e+00
8.987475858799990336e-01,-5.516494617978922044e-01,1.000000000000000000e+00
-9.798022241652175612e-01,6.834092392553727802e-01,1.000000000000000000e+00
-7.397572383035085908e-01,3.426048350549288912e-01,1.000000000000000000e+00
1.041271628072873545e+00,-9.586359953821473878e-01,1.000000000000000000e+00
1.978603462938927915e-01,-5.883616453469864976e-02,1.000000000000000000e+00
-5.495815094032245884e-01,1.398023144860847389e-01,1.000000000000000000e+00
4.858615687576159914e-01,-9.206901363863724541e-02,1.000000000000000000e+00
1.037656800517425149e+00,-9.183536827925480317e-01,1.000000000000000000e+00
2.396765612629223885e-01,-1.247403290411348668e-02,1.000000000000000000e+00
-5.407640375559279455e-01,2.075799631914795607e-01,1.000000000000000000e+00
3.510154886881221015e-01,-2.566148783208619874e-02,1.000000000000000000e+00
-5.625501944321897874e-01,1.070574448297217651e-01,1.000000000000000000e+00
6.504083908422221283e-01,-3.317545071646655352e-01,1.000000000000000000e+00
9.611607448165675471e-01,-8.657420065286414168e-01,1.000000000000000000e+00
9.278705289987472238e-01,-8.162291516377471190e-01,1.000000000000000000e+00
9.049354483291673912e-01,-5.010356193507591316e-01,1.000000000000000000e+00
-5.750538090837881144e-01,3.554918753059592429e-02,1.000000000000000000e+00
9.650469415841067544e-01,-7.917211260260089700e-01,1.000000000000000000e+00
7.998773450917288919e-02,-1.255260478148091836e-02,1.000000000000000000e+00
9.938985120401609974e-01,-6.989671396773784462e-01,1.000000000000000000e+00
-8.956567574305628332e-01,7.274246032845681498e-01,1.000000000000000000e+00
4.542280593532649902e-01,-1.893376228091696867e-01,1.000000000000000000e+00
1.100132843699610369e-01,-4.688695575600280302e-02,1.000000000000000000e+00
9.298004990230164246e-01,-8.919514591118541391e-01,1.000000000000000000e+00
-1.189039376013089067e-01,7.723972985629805332e-02,1.000000000000000000e+00
-8.584187725701889482e-01,4.087387361886223869e-01,1.000000000000000000e+00
-9.635470552963502078e-01,8.424498900500418941e-01,1.000000000000000000e+00
8.563876824695012546e-01,-5.106397364517004656e-01,1.000000000000000000e+00
4.492893602989083135e-01,-1.943238831550834489e-01,1.000000000000000000e+00
2.551755268559721124e-01,-3.893067420846477167e-02,1.000000000000000000e+00
-6.113980580098327122e-01,2.053352676531989829e-01,1.000000000000000000e+00
-1.779002964491477878e-01,8.084739124968426090e-04,1.000000000000000000e+00
-9.603534549689034527e-01,9.338823321215004025e-01,1.000000000000000000e+00
8.251748337412662115e-01,-4.420300687879316626e-01,1.000000000000000000e+00
-6.968573431500083570e-01,4.574917280556949906e-01,1.000000000000000000e+00
-7.744925790445591485e-01,3.143460331791316231e-01,1.000000000000000000e+00
8.306702952243736338e-01,-4.948653006219438932e-01,1.000000000000000000e+00
2.900803932370614735e-01,-7.526116636683080618e-02,1.000000000000000000e+00
7.916440999178883109e-01,-4.884163780851519254e-01,1.000000000000000000e+00
1.026948293944486501e+00,-7.546388153678298405e-01,1.000000000000000000e+00
6.512735085625469544e-01,-2.360795074515829040e-01,1.000000000000000000e+00
-9.251207816012222418e-01,8.526153804743811238e-01,1.000000000000000000e+00
-7.438835462182048497e-01,3.069372383108816549e-01,1.000000000000000000e+00
1.429782751391091566e-01,-5.546521975922399234e-02,1.000000000000000000e+00
1.009285081283499697e+00,-7.779395682249943267e-01,1.000000000000000000e+00
1.661656746111067062e-01,-3.714216845384443050e-02,1.000000000000000000e+00
-8.158206664526792551e-01,3.682788345405134112e-01,1.000000000000000000e+00
1.019017849216784732e+00,-8.824511466252861203e-01,1.000000000000000000e+00
-9.751011099334001841e-02,-6.475036146771126488e-02,1.000000000000000000e+00
8.968191759494648085e-01,-6.498756733920226791e-01,1.000000000000000000e+00
-5.461805034884550381e-01,1.735511596065794082e-01,1.000000000000000000e+00
-8.321585853850399506e-01,3.978483701724476185e-01,1.000000000000000000e+00
-9.912074745262070552e-01,6.673813037139284532e-01,1.000000000000000000e+00
4.658655337208483238e-01,-1.492184694100428533e-01,1.000000000000000000e+00
7.399561251314246135e-01,-3.569886079429556713e-01,1.000000000000000000e+00
5.255710143665449641e-01,-7.234065526530573942e-02,1.000000000000000000e+00
-1.231300252042210053e-01,8.992430199673107083e-02,1.000000000000000000e+00
9.604430926545998171e-01,-7.088721987406596536e-01,1.000000000000000000e+00
4.435755710728119250e-01,-4.102844121118065512e-02,1.000000000000000000e+00
9.413264885300609564e-01,-5.996943132923518993e-01,1.000000000000000000e+00
9.669439209362583609e-01,-6.679079023052488795e-01,1.000000000000000000e+00
-6.575296336186442492e-01,2.485518129760969364e-01,1.000000000000000000e+00
-5.752989185836396846e-01,5.055314398330425923e-02,1.000000000000000000e+00
-9.577454540653224102e-01,9.817627626735577762e-01,1.000000000000000000e+00
9.586721180797970199e-01,-9.579667399429824259e-01,1.000000000000000000e+00
-3.736660784955705417e-01,7.812342003704356164e-02,1.000000000000000000e+00
9.404249264421560284e-01,-8.272197268259922076e-01,1.000000000000000000e+00
-6.448076896772855227e-01,2.407160574645367535e-01,1.000000000000000000e+00
-9.055819012226256071e-01,6.221778281082560591e-01,1.000000000000000000e+00
-1.056533656170125957e+00,8.715505705664639002e-01,1.000000000000000000e+00
-9.974619776427151585e-01,9.835161324722685450e-01,1.000000000000000000e+00
-9.345855595428698148e-01,6.705969626941297168e-01,1.000000000000000000e+00
1.103362416234920484e+00,-8.033170876026693996e-01,1.000000000000000000e+00
-1.013015344942555629e+00,8.550955005820377597e-01,1.000000000000000000e+00
-8.247261366618349188e-01,4.792388664432867262e-01,1.000000000000000000e+00
4.630953045758982034e-01,-7.833231299028386996e-02,1.000000000000000000e+00
-5.810280379413164109e-01,1.595466133451635404e-01,1.000000000000000000e+00
-9.660374327797184302e-01,6.629014720864804255e-01,1.000000000000000000e+00
-7.176399112863928176e-01,2.790673753085420317e-01,1.000000000000000000e+00
-8.168445045301363505e-01,3.502017795678938894e-01,1.000000000000000000e+00
-6.682098855250931946e-01,1.918447125633380435e-01,1.000000000000000000e+00
8.061173024400557496e-01,-3.325104019572479586e-01,1.000000000000000000e+00
1.014955450139820581e+00,-8.793566392107442509e-01,1.000000000000000000e+00
7.880246041586137506e-01,-4.233908774634567718e-01,1.000000000000000000e+00
9.978679091209623486e-01,-9.650064102651996212e-01,1.000000000000000000e+00
-9.326814995627688010e-01,5.835306205496155751e-01,1.000000000000000000e+00
6.922410413575400545e-01,-3.087353663392754521e-01,1.000000000000000000e+00
7.091038725195636383e-01,-2.767737667824910486e-01,1.000000000000000000e+00
-3.888348676748313304e-01,1.333883523773573554e-01,1.000000000000000000e+00
9.713585062022539462e-01,-8.508659384194796615e-01,1.000000000000000000e+00
-5.968601392012685691e-01,1.889435807377191079e-01,1.000000000000000000e+00
6.551491624365006761e-01,-1.941993982766503923e-01,1.000000000000000000e+00
5.673144002662359187e-01,-1.303746020094808111e-01,1.000000000000000000e+00
9.056175850754846213e-01,-5.429469258401551368e-01,1.000000000000000000e+00
-9.460584298429104422e-01,5.885158919697662805e-01,1.000000000000000000e+00
-1.436337311663178629e-01,1.031330548272501625e-02,1.000000000000000000e+00
3.919057623975865656e-01,-8.386582059335456751e-02,1.000000000000000000e+00
3.192893991976212265e-01,-1.616296156915077642e-03,1.000000000000000000e+00
1.082579560071252889e+00,-8.010599988522433268e-01,1.000000000000000000e+00
9.418920277137862174e-01,-9.737072911569881750e-01,1.000000000000000000e+00
7.345246423062643526e-01,-3.309096106731589937e-01,1.000000000000000000e+00
-1.856782595604915265e-01,-2.464919522044139999e-04,1.000000000000000000e+00
1.021433749085751908e+00,-7.373289642149893908e-01,1.000000000000000000e+00
-8.602051642620377470e-01,5.756151673058425011e-01,1.000000000000000000e+00
6.711606208809420826e-01,-3.735199503512544039e-01,1.000000000000000000e+00
7.195666646461599258e-01,-3.356787742445563882e-01,1.000000000000000000e+00
-9.252633219164719813e-01,9.124101067231712436e-01,1.000000000000000000e+00
9.678183957889328060e-01,-9.261219826441235980e-01,1.000000000000000000e+00
5.437554871877178231e-01,-1.491459473679636882e-01,1.000000000000000000e+00
9.241735964977475515e-01,-6.584288588855372604e-01,1.000000000000000000e+00
-3.512122656501435181e-01,8.978960053177502398e-02,1.000000000000000000e+00
-4.810114733754137784e-01,2.232373091344591887e-01,1.000000000000000000e+00
-9.357880204517358136e-01,8.489002980254346520e-01,1.000000000000000000e+00
-1.507478533201298543e-01,2.676463405534010992e-02,1.000000000000000000e+00
-2.159250979288773742e-01,7.994425293660640391e-03,1.000000000000000000e+00
2.807044696971303099e-01,-4.675638156731510425e-02,1.000000000000000000e+00
6.664859285497881647e-01,-2.734266976184520637e-01,1.000000000000000000e+00
6.775570932282011238e-01,-3.720703147474376804e-01,1.000000000000000000e+00
1.170026900977858735e-03,-1.872392289894768760e-02,1.000000000000000000e+00
-6.091543345146035460e-01,2.163825352092788867e-01,1.000000000000000000e+00
7.959928376113254433e-01,-4.938915667366535200e-01,1.000000000000000000e+00
-8.970047105065478421e-01,5.960977964720131084e-01,1.000000000000000000e+00
7.895729442782141172e-01,-4.543454525711572156e-01,1.000000000000000000e+00
-9.488542185790072025e-01,8.171690162203103514e-01,1.000000000000000000e+00
-6.163544074158485708e-01,1.742932496840486900e-01,1.000000000000000000e+00
-8.862061520047245233e-01,4.457969460556838737e-01,1.000000000000000000e+00
-1.082616716349622088e+00,8.372890462837691006e-01,1.000000000000000000e+00
-2.509997479239243767e-01,-4.410551790377773007e-02,1.000000000000000000e+00
5.491298918589487821e-01,-1.889372680606991872e-01,1.000000000000000000e+00
-9.275693152739261649e-01,7.283915584968996271e-01,1.000000000000000000e+00
-3.755589349976796165e-01,1.193252051151213466e-01,1.000000000000000000e+00
-1.790711823322390928e-01,6.390850146803316034e-02,1.000000000000000000e+00
-9.127376306048500254e-01,7.596637622720070482e-01,1.000000000000000000e+00
-2.102099510932826931e-01,4.525101376729372127e-02,1.000000000000000000e+00
-2.071212061726411535e-02,5.584810207304573282e-02,1.000000000000000000e+00
-5.454958163964660489e-01,1.225469281236596514e-01,1.000000000000000000e+00
-2.662587070183982108e-01,1.078156249769768732e-01,1.000000000000000000e+00
9.709012005849719795e-01,-7.714311875051309553e-01,1.000000000000000000e+00
7.121947305193663258e-01,-4.204010343284015905e-01,1.000000000000000000e+00
-8.863029549162936283e-01,6.137287702666592848e-01,1.000000000000000000e+00
-7.565174627703238341e-01,5.193736666262007695e-01,1.000000000000000000e+00
-8.705349645616865528e-01,5.796225453830099461e-01,1.000000000000000000e+00
-6.082725823497581175e-01,2.792351599904489556e-01,1.000000000000000000e+00
-1.860659008859728014e-01,4.592115161427640785e-02,1.000000000000000000e+00
-1.608323640739270088e-01,1.623299182996199019e-01,1.000000000000000000e+00
-8.507288424781772607e-01,5.018956031503067905e-01,1.000000000000000000e+00
-1.188877640487327053e-02,-1.639531753435632608e-02,1.000000000000000000e+00
9.654094589767727719e-01,-6.871050057099569175e-01,1.000000000000000000e+00
-5.444218041596151636e-01,2.322865766739004578e-01,1.000000000000000000e+00
-7.285796077344538491e-01,4.758502953025435800e-01,1.000000000000000000e+00
-6.541974951732716370e-01,2.803213520012047266e-01,1.000000000000000000e+00
7.755892146972083179e-01,-4.698821044341158770e-01,1.000000000000000000e+00
3.143475809039971147e-01,-2.677135572787292875e-02,1.000000000000000000e+00
-9.136340272858184397e-01,7.891388665106862099e-01,1.000000000000000000e+00
-1.000216680226712063e+00,5.810635727151679530e-01,1.000000000000000000e+00
4.057664484836540075e-01,-1.746115155835974153e-02,1.000000000000000000e+00
8.970014053655085418e-01,-6.901752445576304629e-01,1.000000000000000000e+00
8.834550190525567448e-01,-8.290883147866362490e-01,1.000000000000000000e+00
-5.798370246050186388e-02,3.243334310624576555e-02,1.000000000000000000e+00
1.087262984601990112e+00,-9.143067695116363636e-01,1.000000000000000000e+00
-3.938001650039940071e-01,1.536295017176051159e-01,1.000000000000000000e+00
-8.133897216144203579e-01,3.444203418436048159e-01,1.000000000000000000e+00
-7.953351040263555438e-01,2.756904197883510710e-01,1.000000000000000000e+00
1.066970892429542683e+00,-8.300370564720707112e-01,1.000000000000000000e+00
-2.723053190183146732e-01,-3.782912031932991748e-02,1.000000000000000000e+00
-1.744479187463942593e-01,-1.122725588130556174e-02,1.000000000000000000e+00
-9.691023632327532278e-01,9.521153442891046037e-01,1.000000000000000000e+00
5.960915455737648694e-01,-1.849139251554118568e-01,1.000000000000000000e+00
-9.215245776482712259e-01,4.352555279618253170e-01,1.000000000000000000e+00
-7.754436125260325552e-01,3.765024795608839514e-01,1.000000000000000000e+00
1.714938077896996371e-01,-1.018016413918665652e-01,1.000000000000000000e+00
1.099983812847909803e+00,9.956754165382329935e-01,0.000000000000000000e+00
1.105267440420762692e-01,3.760228481202841644e-02,1.000000000000000000e+00
8.629901789447923244e-02,1.620856789375674928e-02,1.000000000000000000e+00
1.804351157487932289e-01,7.112108038283944389e-02,1.000000000000000000e+00
1.290069207267361406e-01,3.365568136970480823e-02,1.000000000000000000e+00
3.987733521302593703e-02,5.184434640007168360e-02,1.000000000000000000e+00
1.060605401968715972e-01,6.166591974206230009e-02,1.000000000000000000e+00
1.420176836185300662e-01,3.317984017655001283e-02,1.000000000000000000e+00
1.821106948339152876e-01,5.249739476436831621e-03,1.000000000000000000e+00
5.696039716060591340e-01,2.145869181572437889e-02,1.000000000000000000e+00
6.039658007064790946e-02,5.497009967302195904e-02,1.000000000000000000e+00
9.903499812146495662e-01,9.517601648493857480e-01,0.000000000000000000e+00
1.240317981029021022e-01,5.318722289417417148e-02,1.000000000000000000e+00
2.307742330627778893e-01,6.355313316980712966e-03,1.000000000000000000e+00
3.978239898477209033e-03,1.565412607965960268e-02,1.000000000000000000e+00
1.047012140825753335e+00,9.970447602011681676e-01,0.000000000000000000e+00
1.090184204514586419e+00,9.238059079016935904e-01,0.000000000000000000e+00
1.278205372183464084e-01,1.774852983053071959e-02,1.000000000000000000e+00
3.368166647393848467e-02,2.962756966533870717e-02,1.000000000000000000e+00
9.534120128928690041e-02,4.689875739213533040e-02,1.000000000000000000e+00
1.004115617733390309e+00,1.108694430758110805e+00,0.000000000000000000e+00
7.272266038884822592e-01,-1.755885212506989035e+00,0.000000000000000000e+00
-5.710436967153972310e-01,1.811576080365739250e+00,0.000000000000000000e+00
-3.248006440062096156e-01,1.911057178778742704e+00,0.000000000000000000e+00
6.936650013388819813e-01,-1.702204758928735240e+00,0.000000000000000000e+00
-3.376264434930616870e-02,2.010981597204672067e+00,0.000000000000000000e+00
6.632278977713971235e-01,1.729585115531878214e+00,0.000000000000000000e+00
1.042296229575942590e+00,-1.215827299854278509e+00,0.000000000000000000e+00
-8.700919993043108036e-01,-1.457778746342512699e+00,0.000000000000000000e+00
2.893907949332466534e-01,-1.965241187496030495e+00,0.000000000000000000e+00
8.246482746099440542e-01,-1.512081420567014334e+00,0.000000000000000000e+00
-9.730241653275170099e-01,1.365380535229025138e+00,0.000000000000000000e+00
-7.926903462236214448e-01,-1.730078415262162439e+00,0.000000000000000000e+00
8.419280597588454373e-01,-1.351829445972385635e+00,0.000000000000000000e+00
2.530997453722256263e-01,1.985607293019840069e+00,0.000000000000000000e+00
1.100361845104242953e+00,-1.119288716829661468e+00,0.000000000000000000e+00
2.980042923503191110e-01,-1.848341870536815978e+00,0.000000000000000000e+00
-5.873042910971713049e-01,-1.737888839401242835e+00,0.000000000000000000e+00
-1.041386655991123122e+00,1.148254545676229865e+00,0.000000000000000000e+00
5.663941282624800344e-01,1.784530422439220443e+00,0.000000000000000000e+00
-9.388596870329758426e-01,1.315945020307909274e+00,0.000000000000000000e+00
4.779793087135740803e-01,1.834524356531687550e+00,0.000000000000000000e+00
-1.968563783217277402e-02,-1.974954579186209092e+00,0.000000000000000000e+00
8.855650305639144459e-01,1.470362229954235156e+00,0.000000000000000000e+00
1.617153142704072233e-01,-2.001038517041300313e+00,0.000000000000000000e+00
-2.869923800608528142e-01,1.976929708429980836e+00,0.000000000000000000e+00
-1.569519943361414593e-01,-2.020750975283242212e+00,0.000000000000000000e+00
6.266874722743106529e-01,-1.758582939807614709e+00,0.000000000000000000e+00
-1.012915618473168466e+00,1.251384823140997415e+00,0.000000000000000000e+00
-4.816561361848309963e-01,-1.934305389703274036e+00,0.000000000000000000e+00
-1.004429354321767498e+00,1.130113524080135656e+00,0.000000000000000000e+00
-8.681619004836799158e-02,2.071488424232985182e+00,0.000000000000000000e+00
5.809426285235923526e-01,1.730281973622918690e+00,0.000000000000000000e+00
5.329734817131456109e-02,-1.966894733590988320e+00,0.000000000000000000e+00
1.423430446771872804e-01,1.973218220260039235e+00,0.000000000000000000e+00
-8.061542503962088047e-01,-1.444547949183471403e+00,0.000000000000000000e+00
-9.608706667887357833e-01,-1.170375864649958686e+00,0.000000000000000000e+00
2.370792974173504403e-02,-1.995686408303007919e+00,0.000000000000000000e+00
-6.656105649526907753e-01,1.665429548675094962e+00,0.000000000000000000e+00
-6.007484792579167454e-01,-1.803169921671911924e+00,0.000000000000000000e+00
9.464508369208691763e-01,1.355435134277398701e+00,0.000000000000000000e+00
7.571125631050471538e-01,1.638657748340287768e+00,0.000000000000000000e+00
-9.335366810799079484e-01,1.122058424334446691e+00,0.000000000000000000e+00
-9.963468539613231645e-01,1.013101774003805966e+00,0.000000000000000000e+00
5.636566855361023753e-01,-1.872382207665812759e+00,0.000000000000000000e+00
9.649973772091280377e-01,1.421466561035849452e+00,0.000000000000000000e+00
-9.927730803010164085e-01,1.211446391397171141e+00,0.000000000000000000e+00
8.762401681690458188e-01,1.414191064455908364e+00,0.000000000000000000e+00
-4.664510701690418037e-01,-1.969163143513297687e+00,0.000000000000000000e+00
6.952611778478967608e-01,-1.866196098353932298e+00,0.000000000000000000e+00
-4.154283870226772590e-01,-1.951857719326001606e+00,0.000000000000000000e+00
-7.995141597008590395e-01,1.556519800877351534e+00,0.000000000000000000e+00
-9.116430397730399537e-01,1.242146286385384713e+00,0.000000000000000000e+00
9.920956374210292417e-01,1.230689166025531467e+00,0.000000000000000000e+00
-9.789347568509260133e-01,1.345540619104628854e+00,0.000000000000000000e+00
-6.263103938146015182e-01,1.795310925705299043e+00,0.000000000000000000e+00
-9.621606549237537997e-01,1.360005869822028535e+00,0.000000000000000000e+00
7.957081928181850561e-01,1.578528148282273280e+00,0.000000000000000000e+00
-9.768257862913599654e-01,-1.195650704172016798e+00,0.000000000000000000e+00
-9.380794114401346251e-01,-1.183631282481618197e+00,0.000000000000000000e+00
-1.037392039843175962e+00,1.167254741681036601e+00,0.000000000000000000e+00
-2.454645643800227039e-01,-2.031160044247652507e+00,0.000000000000000000e+00
7.507028514177369605e-01,1.645658038265894296e+00,0.000000000000000000e+00
4.988341412082024084e-01,-1.888550027426092903e+00,0.000000000000000000e+00
8.579131983952046347e-01,-1.507107657930720102e+00,0.000000000000000000e+00
1.008211789299817918e+00,1.299069309844389508e+00,0.000000000000000000e+00
-8.980562831165791460e-01,1.322978619799675126e+00,0.000000000000000000e+00
1.015150285398056296e+00,-1.063263593719183220e+00,0.000000000000000000e+00
4.248980080454652086e-02,1.944447916507801688e+00,0.000000000000000000e+00
9.320293939499687541e-01,1.516573468480910014e+00,0.000000000000000000e+00
5.090605604059557088e-01,1.794034664275934166e+00,0.000000000000000000e+00
-9.414523924862462645e-02,1.912150574867063968e+00,0.000000000000000000e+00
-4.457063075145936137e-01,-1.873097612819806468e+00,0.000000000000000000e+00
-5.967408896699719634e-01,1.856053302358163126e+00,0.000000000000000000e+00
6.686976646951249270e-01,-1.725579439930931214e+00,0.000000000000000000e+00
4.834972001753677917e-01,1.830503783958347563e+00,0.000000000000000000e+00
8.001976942365347512e-01,-1.644710254145183903e+00,0.000000000000000000e+00
1.562068979011706216e-01,1.987270832118539277e+00,0.000000000000000000e+00
-1.537517550661633980e-01,2.045365335699340648e+00,0.000000000000000000e+00
8.660487499336172457e-01,1.516650022518583940e+00,0.000000000000000000e+00
-8.044643262876025602e-01,1.752957636226144089e+00,0.000000000000000000e+00
-5.684134256642650040e-01,1.821527358202152058e+00,0.000000000000000000e+00
-6.838045866636369707e-01,-1.613587889375551310e+00,0.000000000000000000e+00
-7.654433056044306349e-01,-1.640838831374273221e+00,0.000000000000000000e+00
8.992998579770354883e-01,1.258377612483174701e+00,0.000000000000000000e+00
-9.851612047735576194e-01,-1.126344913626106337e+00,0.000000000000000000e+00
4.622382195589395115e-01,-1.936599417194001527e+00,0.000000000000000000e+00
-4.325651419754969473e-01,-1.957452106005604486e+00,0.000000000000000000e+00
8.917982399157224904e-01,-1.378108004588874724e+00,0.000000000000000000e+00
2.025493330035614825e-01,2.024654366461640986e+00,0.000000000000000000e+00
1.004597585850069308e+00,-1.240905327033981154e+00,0.000000000000000000e+00
5.185395990676003874e-01,1.836416364383155253e+00,0.000000000000000000e+00
4.653521934127100718e-02,1.939719354501651560e+00,0.000000000000000000e+00
1.751625927487063805e-01,-2.039071208564266158e+00,0.000000000000000000e+00
7.332115836286751120e-01,1.791641831037508625e+00,0.000000000000000000e+00
2.595406536796257546e-01,-1.891272260860908050e+00,0.000000000000000000e+00
-2.855999729822402688e-01,1.869284319853596887e+00,0.000000000000000000e+00
-9.393658391272260433e-01,1.431863211079053677e+00,0.000000000000000000e+00
9.412269648236691877e-01,1.319206730727791266e+00,0.000000000000000000e+00
9.297702523631975469e-01,1.299194513815248309e+00,0.000000000000000000e+00
7.210816474045389501e-01,-1.631693934344098817e+00,0.000000000000000000e+00
-4.409895272009865808e-02,1.998854223419289200e+00,0.000000000000000000e+00
-3.581983005892053901e-02,-2.102231145672312618e+00,0.000000000000000000e+00
4.100885177092281619e-01,-1.878633793320576340e+00,0.000000000000000000e+00
-2.227142340440315116e-01,-2.034040780666514170e+00,0.000000000000000000e+00
5.818922969982367466e-01,-1.923956009219289109e+00,0.000000000000000000e+00
9.961744921517148299e-01,1.155021115440300727e+00,0.000000000000000000e+00
6.096036136084468371e-01,-1.737821338329134324e+00,0.000000000000000000e+00
-6.185613818571909089e-02,1.968536115141066745e+00,0.000000000000000000e+00
-2.754553443657017583e-02,-2.089158324456772853e+00,0.000000000000000000e+00
-3.644503654562325501e-02,1.979504920510870347e+00,0.000000000000000000e+00
1.051473909013073138e+00,1.040206931138079938e+00,0.000000000000000000e+00
-1.381381890477199059e-01,-1.923917917960552781e+00,0.000000000000000000e+00
7.434352400078938494e-01,-1.641778829455715627e+00,0.000000000000000000e+00
4.593523291294637212e-01,1.894461648515195940e+00,0.000000000000000000e+00
5.948910554240368631e-01,1.726189725010437437e+00,0.000000000000000000e+00
9.245550614143206447e-01,-1.452440676314070700e+00,0.000000000000000000e+00
6.938054694372111086e-01,1.714466637640305935e+00,0.000000000000000000e+00
-3.988637863744591838e-01,1.949139757619448021e+00,0.000000000000000000e+00
-9.664610876640248316e-01,1.378597293486309106e+00,0.000000000000000000e+00
3.190573411029170581e-01,-1.898240878378250729e+00,0.000000000000000000e+00
5.670897209222994784e-01,1.822220169835724768e+00,0.000000000000000000e+00
1.794927292942085639e-01,-1.961962013462933641e+00,0.000000000000000000e+00
4.253919425955858258e-01,-1.896930905574472082e+00,0.000000000000000000e+00
-3.658338780447398797e-01,-1.949770352918337668e+00,0.000000000000000000e+00
-8.093994371238876218e-01,1.651158467846548294e+00,0.000000000000000000e+00
8.797418363616914261e-02,-1.908787064174484405e+00,0.000000000000000000e+00
7.084663840223507369e-01,-1.596412817855792587e+00,0.000000000000000000e+00
-4.034696830815223123e-01,1.890962720568146294e+00,0.000000000000000000e+00
-4.382383298923456239e-01,-1.824001645889536505e+00,0.000000000000000000e+00
-9.650423121513146407e-01,-1.217927628203636869e+00,0.000000000000000000e+00
-9.130285760616627666e-01,1.146408885194116323e+00,0.000000000000000000e+00
-3.484200586200273952e-01,-1.924207714296715110e+00,0.000000000000000000e+00
-9.911955008199642148e-01,1.232159545108948873e+00,0.000000000000000000e+00
9.857881432322328497e-01,1.269146656119359839e+00,0.000000000000000000e+00
8.699254548040941115e-01,1.426248875814094763e+00,0.000000000000000000e+00
-2.702254544831080851e-01,1.885819337994974365e+00,0.000000000000000000e+00
7.811857458677210486e-01,1.570308603786654489e+00,0.000000000000000000e+00
-7.073560461300860691e-01,1.582172526623561115e+00,0.000000000000000000e+00
-7.380159184581029930e-01,-1.664971883318979495e+00,0.000000000000000000e+00
3.563215475404048482e-01,1.988738572961991524e+00,0.000000000000000000e+00
1.865475370277067113e-01,-1.999073884636064058e+00,0.000000000000000000e+00
9.863325256132645658e-01,1.204500906330727261e+00,0.000000000000000000e+00
-2.815411347611574411e-01,-1.959198649016268501e+00,0.000000000000000000e+00
-8.562129494859214152e-01,1.555107189377295640e+00,0.000000000000000000e+00
9.210038638355475538e-01,-1.400836823490927863e+00,0.000000000000000000e+00
2.471753355494711590e-01,-1.941243751249100757e+00,0.000000000000000000e+00
-1.412179344247445900e-01,-2.017936659211512662e+00,0.000000000000000000e+00
4.456506844113475863e-01,1.914374192695796451e+00,0.000000000000000000e+00
-5.505849084897721513e-01,-1.915099544640698426e+00,0.000000000000000000e+00
-1.045131439874870782e+00,1.263606962193699612e+00,0.000000000000000000e+00
3.966672096193574748e-01,-1.960808955728742475e+00,0.000000000000000000e+00
-1.793361111676197439e-01,1.917023929575546459e+00,0.000000000000000000e+00
-1.781809762657498020e-01,-1.974958178894251182e+00,0.000000000000000000e+00
8.572977498582714517e-01,1.508816017402146770e+00,0.000000000000000000e+00
-1.041473322209838237e+00,-1.065585857564227412e+00,0.000000000000000000e+00
-5.880986430426244915e-01,1.772654731524792471e+00,0.000000000000000000e+00
2.051393155153529158e-01,-1.908317627902339275e+00,0.000000000000000000e+00
1.228384111268196188e-01,-2.009639825372243394e+00,0.000000000000000000e+00
-8.857867007920710023e-01,1.408609582962607298e+00,0.000000000000000000e+00
-8.135817288532063429e-01,1.472946457903705708e+00,0.000000000000000000e+00
-7.168513148036307348e-01,-1.687378049271707647e+00,0.000000000000000000e+00
9.036721200213736482e-01,-1.319987358153545731e+00,0.000000000000000000e+00
-8.421614709900018259e-01,1.539763938596705906e+00,0.000000000000000000e+00
4.668730859464881866e-01,1.942878012458180814e+00,0.000000000000000000e+00
-9.820297397797373984e-01,-1.173056219331819916e+00,0.000000000000000000e+00
1.031760363256858604e+00,-1.235844430531219063e+00,0.000000000000000000e+00
-1.620784092964946410e-01,2.022148886702220594e+00,0.000000000000000000e+00
8.915393034826263330e-01,1.424409618982320325e+00,0.000000000000000000e+00
-9.893226233311316342e-01,-1.501321285042902742e+00,0.000000000000000000e+00
-1.900198169012440874e-01,-1.943778779288340752e+00,0.000000000000000000e+00
-3.785070362430661972e-02,-1.981693735179243188e+00,0.000000000000000000e+00
-9.916211569261615955e-01,-1.313549170219860063e+00,0.000000000000000000e+00
-8.871928131111962434e-01,-1.618316888127137698e+00,0.000000000000000000e+00
1.965324912932888968e-01,2.067964131468332578e+00,0.000000000000000000e+00
3.855305124641763004e-01,1.836969488281010809e+00,0.000000000000000000e+00
5.654029341914051932e-01,-1.864200011381260458e+00,0.000000000000000000e+00
-9.991006055896075599e-01,1.089918990792252407e+00,0.000000000000000000e+00
9.991816885802348169e-01,1.081619478427639613e+00,0.000000000000000000e+00
-6.555489601661399490e-01,-1.813566471958308890e+00,0.000000000000000000e+00
-8.334636747200474538e-01,-1.508872677732485679e+00,0.000000000000000000e+00
-5.891196169489942847e-01,-1.835572294136876836e+00,0.000000000000000000e+00
7.287266917667776234e-01,1.483279596764173869e+00,0.000000000000000000e+00
3.268549227957744385e-01,1.869267313306795186e+00,0.000000000000000000e+00
6.130412576055425111e-01,1.753988616825803870e+00,0.000000000000000000e+00
4.956338040160314096e-01,-1.895583668600995919e+00,0.000000000000000000e+00
-9.772143868695040148e-01,1.233740169082918170e+00,0.000000000000000000e+00
-4.444484837002247168e-01,-1.952892619911964722e+00,0.000000000000000000e+00
-3.538264571377948142e-01,-1.834241386731916501e+00,0.000000000000000000e+00
7.720957647365078724e-01,1.465979900444079442e+00,0.000000000000000000e+00
-1.035695773979727674e+00,1.336430614821530805e+00,0.000000000000000000e+00
9.896618744022388503e-01,-1.199730901799732852e+00,0.000000000000000000e+00
-1.635149390483965903e-01,2.008035145657636633e+00,0.000000000000000000e+00
2.871755967264288389e-01,-1.913898682191477629e+00,0.000000000000000000e+00
7.019786191451461432e-01,-1.827711837517683513e+00,0.000000000000000000e+00
-1.099906980079821683e-01,1.939546567043869629e+00,0.000000000000000000e+00
6.455073126727163269e-01,1.726332845551324269e+00,0.000000000000000000e+00
9.319415505180197457e-01,-1.245411440638319434e+00,0.000000000000000000e+00
-2.811372704454659366e-01,1.905252850137099552e+00,0.000000000000000000e+00
9.817221454316857887e-01,-1.102024640467429650e+00,0.000000000000000000e+00
3.817402847293035473e-01,-1.964648841125196777e+00,0.000000000000000000e+00
8.551542623601682269e-01,1.264901736367338048e+00,0.000000000000000000e+00
-9.100204369585666031e-01,-1.331055004092609906e+00,0.000000000000000000e+00
-9.934615903105186163e-01,-1.127319351231803157e+00,0.000000000000000000e+00
8.771977626880882450e-01,1.507148040022924906e+00,0.000000000000000000e+00
9.343983498694400369e-01,1.129543526638081108e+00,0.000000000000000000e+00
2.863517600226164195e-01,-2.000320498735236985e+00,0.000000000000000000e+00
-4.353538434104939903e-01,1.888308149962322435e+00,0.000000000000000000e+00
2.568049882753504765e-01,1.947599363521051563e+00,0.000000000000000000e+00
8.814842484414006085e-01,-1.344453544784567800e+00,0.000000000000000000e+00
9.020013729309207529e-01,1.521411651720637970e+00,0.000000000000000000e+00
-7.110634383857201701e-01,1.614845529828877080e+00,0.000000000000000000e+00
-9.031214305938392028e-01,-1.131263553910088815e+00,0.000000000000000000e+00
1.540062670473975048e-01,1.940908327706534431e+00,0.000000000000000000e+00
6.192402120264832721e-01,1.841737716974632066e+00,0.000000000000000000e+00
-8.983170656832978329e-01,1.386576099082505120e+00,0.000000000000000000e+00
8.635489232917057389e-01,-1.518449691766383669e+00,0.000000000000000000e+00
-4.646757047029240195e-02,-2.042471465876704695e+00,0.000000000000000000e+00
-1.282095637803540855e-01,2.024370024788212596e+00,0.000000000000000000e+00
-4.197310809179145563e-01,-1.835874134547305303e+00,0.000000000000000000e+00
-7.261276318936229490e-01,-1.723422990391412224e+00,0.000000000000000000e+00
3.219133360285690859e-01,1.957157311147270429e+00,0.000000000000000000e+00
1.021730863957931001e+00,-1.010150452880630212e+00,0.000000000000000000e+00
-8.211834900566346018e-01,-1.565225337191824329e+00,0.000000000000000000e+00
-1.751420054600578979e-01,-2.049454849275132773e+00,0.000000000000000000e+00
-4.489066408923855778e-01,1.871991280371716693e+00,0.000000000000000000e+00
-6.317358057283656292e-01,-1.760991251704806304e+00,0.000000000000000000e+00
1.013881869578740602e+00,1.103769903373740702e+00,0.000000000000000000e+00
-6.317603076523953254e-01,1.851126879248960355e+00,0.000000000000000000e+00
3.704834103871634254e-01,1.954356729271214510e+00,0.000000000000000000e+00
-6.100100505273668983e-01,-1.818905037657903900e+00,0.000000000000000000e+00
-6.830253243820032516e-01,-1.695705095237831195e+00,0.000000000000000000e+00
7.375362036163291002e-01,1.705018269072897219e+00,0.000000000000000000e+00
4.633798137487665780e-01,1.782810435312716546e+00,0.000000000000000000e+00
5.617999470591377165e-01,-1.905277265369277107e+00,0.000000000000000000e+00
7.505092142025129309e-01,-1.598392219328063746e+00,0.000000000000000000e+00
7.624021463732713055e-01,1.753621458086400242e+00,0.000000000000000000e+00
5.362577398433789888e-01,-1.731061336862923294e+00,0.000000000000000000e+00
3.930860327315873759e-01,2.010619141674430121e+00,0.000000000000000000e+00
6.759379809971400865e-01,-1.815478277210736069e+00,0.000000000000000000e+00
-8.102242791728220261e-01,1.581913082001976889e+00,0.000000000000000000e+00
9.934998162541059941e-01,-1.350038525238512754e+00,0.000000000000000000e+00
8.844899129330123788e-01,-1.467879043942090789e+00,0.000000000000000000e+00
6.284945156854135906e-01,-1.770171154062572638e+00,0.000000000000000000e+00
8.261219057914870323e-01,1.330395651359230325e+00,0.000000000000000000e+00
1.003659677398722305e+00,-1.207349036649340013e+00,0.000000000000000000e+00
6.575833022606808465e-01,1.827476284370104009e+00,0.000000000000000000e+00
6.917282553756945972e-03,-1.955340637405456050e+00,0.000000000000000000e+00
7.749217662456771016e-01,-1.660308811792521100e+00,0.000000000000000000e+00
-9.866165303423339861e-01,1.052152129096840083e+00,0.000000000000000000e+00
7.911253400613541542e-01,1.581520180372444129e+00,0.000000000000000000e+00
9.953531905249319855e-01,1.311679782846711273e+00,0.000000000000000000e+00
1.206220601245413943e-01,1.997477775266248701e+00,0.000000000000000000e+00
-7.464785432415348421e-01,1.627633981062698076e+00,0.000000000000000000e+00
-5.975851907344325031e-01,1.721314749653947151e+00,0.000000000000000000e+00
9.650854573145309923e-01,1.041969731516286357e+00,0.000000000000000000e+00
9.095659046259121916e-02,1.982161793075312817e+00,0.000000000000000000e+00
9.332880152619994485e-01,1.274108833349074432e+00,0.000000000000000000e+00
-9.832104934703094212e-01,-1.210351522047207418e+00,0.000000000000000000e+00
1.848969976295438411e-01,-1.935726221689992865e+00,0.000000000000000000e+00
-7.329585327324902311e-01,1.646534497790089091e+00,0.000000000000000000e+00
-6.033894797322484349e-01,1.761813988969175515e+00,0.000000000000000000e+00
5.453870543678288607e-01,-1.757704836894421696e+00,0.000000000000000000e+00
9.816911129094105792e-01,-1.470665174112020690e+00,0.000000000000000000e+00
-1.438971993004976302e-01,-1.974668667028560698e+00,0.000000000000000000e+00
3.517220736176003837e-01,-1.899732569393448811e+00,0.000000000000000000e+00
-5.014123853954361998e-01,-1.902150433492336701e+00,0.000000000000000000e+00
-1.007506656775240206e+00,1.275058573276789176e+00,0.000000000000000000e+00
2.840817869605981039e-01,2.005705342052780615e+00,0.000000000000000000e+00
6.908863697865262887e-01,-1.779744934595985484e+00,0.000000000000000000e+00
4.740339518491207826e-01,-1.871139870255472903e+00,0.000000000000000000e+00
-7.225177717851720416e-02,-1.979060801850106799e+00,0.000000000000000000e+00
-6.607923770689260179e-01,1.678177331922118265e+00,0.000000000000000000e+00
8.130471366339201422e-01,1.481164521680992108e+00,0.000000000000000000e+00
6.659686943884699506e-01,1.729660862223374895e+00,0.000000000000000000e+00
-6.955355302696877851e-03,1.954265860308753711e+00,0.000000000000000000e+00
1.466912639022499021e-01,-2.011383282371438597e+00,0.000000000000000000e+00
-7.551509408347059082e-01,-1.735897948965419157e+00,0.000000000000000000e+00
-1.028542666286836660e+00,1.387375584013007535e+00,0.000000000000000000e+00
-9.330746164347778482e-01,-1.261471225001463026e+00,0.000000000000000000e+00
1.681951931858532701e-01,-1.934928267855678730e+00,0.000000000000000000e+00
-8.467199239873165473e-01,-1.599435873394790208e+00,0.000000000000000000e+00
-9.539886884895971697e-01,-1.243700256243744695e+00,0.000000000000000000e+00
9.557087729580423519e-01,-1.394875470664269645e+00,0.000000000000000000e+00
1.015283281589792752e+00,1.145897942042017892e+00,0.000000000000000000e+00
-8.800613557778509399e-01,1.376609294956008700e+00,0.000000000000000000e+00
9.573045577721374724e-03,-1.999857239166401124e+00,0.000000000000000000e+00
-2.632586131391869214e-02,2.002471919476314088e+00,0.000000000000000000e+00
4.686723051375584204e-01,1.913544143857692781e+00,0.000000000000000000e+00
3.043620845960399723e-01,-1.845755265904630349e+00,0.000000000000000000e+00
-9.794852072624984363e-01,1.365900963787163525e+00,0.000000000000000000e+00
6.202753356404374641e-01,-1.769542519783229295e+00,0.000000000000000000e+00
-9.280566852672364475e-02,-2.023236009962575466e+00,0.000000000000000000e+00
4.729622458164851051e-01,1.802370537009009288e+00,0.000000000000000000e+00
1.309412117384391172e-01,2.103168774836872590e+00,0.000000000000000000e+00
-9.309076945909181555e-01,-1.196868085679710703e+00,0.000000000000000000e+00
2.291255912826350438e-01,-1.922123065408798404e+00,0.000000000000000000e+00
-8.552219893766541681e-01,1.530228007503776855e+00,0.000000000000000000e+00
-8.107664501235272159e-01,1.457914887771490697e+00,0.000000000000000000e+00
4.239146302383984266e-01,1.906443297668374726e+00,0.000000000000000000e+00
-8.438587999245317217e-01,-1.549179476423588442e+00,0.000000000000000000e+00
-6.731049258517083356e-01,-1.715124984265164576e+00,0.000000000000000000e+00
-6.472928035730620699e-01,1.700556321441157204e+00,0.000000000000000000e+00
-1.017966151859808210e+00,-1.302939575127644245e+00,0.000000000000000000e+00
-9.029412151868415615e-01,1.488835272277478694e+00,0.000000000000000000e+00
-8.167786611888973036e-01,-1.456356538301314840e+00,0.000000000000000000e+00
6.178266984971627629e-01,-1.761168642606712798e+00,0.000000000000000000e+00
-4.533220488879395882e-01,-1.830906780605010775e+00,0.000000000000000000e+00
-2.808848867637913638e-01,-1.905230932535654453e+00,0.000000000000000000e+00
2.006036842438422563e-01,1.991830621679091529e+00,0.000000000000000000e+00
3.984037409008441277e-01,-1.988911191862617667e+00,0.000000000000000000e+00
-6.532630326458870318e-01,-1.721490591073284726e+00,0.000000000000000000e+00
-5.063564885343407526e-03,-1.926574510347196068e+00,0.000000000000000000e+00
9.693548677828960347e-01,-1.446324836997443519e+00,0.000000000000000000e+00
-1.059471974313448861e+00,1.206401869466894761e+00,0.000000000000000000e+00
-6.040729098696986377e-01,1.831914744091218017e+00,0.000000000000000000e+00
7.091057875800743648e-01,1.696999626115922366e+00,0.000000000000000000e+00
-2.417004773239899429e-01,2.000400010599447054e+00,0.000000000000000000e+00
-8.836754764196681489e-01,-1.544493395989328333e+00,0.000000000000000000e+00
9.066852175919144496e-01,-1.258660637477990507e+00,0.000000000000000000e+00
-6.883298300758867727e-01,1.569334699582205506e+00,0.000000000000000000e+00
2.559254213296788816e-01,-1.961699406033040827e+00,0.000000000000000000e+00
-9.442162410772422243e-01,1.368511320358953842e+00,0.000000000000000000e+00
-1.525994026375621093e-01,1.983091375723852856e+00,0.000000000000000000e+00
9.866912066285835614e-01,1.162885670806879768e+00,0.000000000000000000e+00
7.013854503294744136e-01,-1.665463812583920511e+00,0.000000000000000000e+00
9.584041768952934470e-01,1.305694315425818708e+00,0.000000000000000000e+00
3.544331013726348401e-02,-2.065828224169932614e+00,0.000000000000000000e+00
9.916755497340750125e-01,1.121582302957277122e+00,0.000000000000000000e+00
8.804810939238373324e-01,1.272993564232841157e+00,0.000000000000000000e+00
9.695417922534399491e-01,1.094219880136058309e+00,0.000000000000000000e+00
8.417722372888497562e-01,1.584251405815491509e+00,0.000000000000000000e+00
-4.952035303913300268e-01,-1.858230723766264081e+00,0.000000000000000000e+00
9.009839041278383531e-01,1.361495069157699023e+00,0.000000000000000000e+00
7.761288088780319283e-01,1.787881083393665582e+00,0.000000000000000000e+00
7.141920745719393393e-01,1.787992815368023569e+00,0.000000000000000000e+00
1.822447704465768037e-01,-2.065944934737188987e+00,0.000000000000000000e+00
3.303347869193128394e-01,-2.040451793907468669e+00,0.000000000000000000e+00
9.975918902445367609e-01,1.089805136222384840e+00,0.000000000000000000e+00
-2.935477076870270374e-01,-1.974554745892693530e+00,0.000000000000000000e+00
-7.749365437570994164e-01,-1.797504554737904492e+00,0.000000000000000000e+00
-8.724925871131608002e-01,1.412942450674080197e+00,0.000000000000000000e+00
-8.388653951692019717e-02,-2.017140505808022954e+00,0.000000000000000000e+00
2.165018203994574508e-01,1.948010692233891561e+00,0.000000000000000000e+00
-5.174542034966096438e-01,1.934339322677572026e+00,0.000000000000000000e+00
-1.239778294683963195e-01,-2.032788063970321524e+00,0.000000000000000000e+00
-1.462395543178149904e-01,-1.987232450838703590e+00,0.000000000000000000e+00
-5.166838868212147995e-01,1.926688301241016310e+00,0.000000000000000000e+00
2.624474989504215761e-01,-1.927256064019575943e+00,0.000000000000000000e+00
9.361509992623664456e-01,1.027831715275624225e+00,0.000000000000000000e+00
1.000404751009798643e+00,1.281316759401219807e+00,0.000000000000000000e+00
1.010600940215148569e+00,-1.158377291042653079e+00,0.000000000000000000e+00
-7.642560979953204325e-02,1.942223437751148696e+00,0.000000000000000000e+00
9.602014819053039663e-01,-1.224126929847581646e+00,0.000000000000000000e+00
-8.975195103215475312e-01,1.472324256247369956e+00,0.000000000000000000e+00
8.646287182239772440e-01,1.509722752364491827e+00,0.000000000000000000e+00
-8.706102673183994112e-01,1.313866676152829260e+00,0.000000000000000000e+00
-1.083635380614772270e+00,1.144062961496915110e+00,0.000000000000000000e+00
-9.868718674490931653e-01,-1.343179078889346290e+00,0.000000000000000000e+00
-2.778070171697106239e-01,1.958996870672710777e+00,0.000000000000000000e+00
5.059026079549688859e-01,1.858148544059791574e+00,0.000000000000000000e+00
6.176978118770959369e-01,1.718877966731865659e+00,0.000000000000000000e+00
6.778956987379790577e-01,-1.656868159604798718e+00,0.000000000000000000e+00
6.000628110912620272e-01,1.698952370361318298e+00,0.000000000000000000e+00
8.628096347663668508e-01,1.515086840817496006e+00,0.000000000000000000e+00
-4.662283765362377763e-01,-1.899415213009476799e+00,0.000000000000000000e+00
-9.593308722790712118e-01,-1.064855683210393034e+00,0.000000000000000000e+00
-2.590354520103163583e-01,1.968631765644352383e+00,0.000000000000000000e+00
-8.011728276005160021e-01,-1.586565891850242105e+00,0.000000000000000000e+00
3.205139631384691934e-01,-1.896203951159032730e+00,0.000000000000000000e+00
4.315243734815887855e-01,-1.918156689772223977e+00,0.000000000000000000e+00
-9.899050669975616445e-01,1.019547920951174413e+00,0.000000000000000000e+00
5.093630690334249866e-01,1.909693806364857638e+00,0.000000000000000000e+00
-7.422942370877885221e-01,-1.782410906884992041e+00,0.000000000000000000e+00
1.021679945617883556e+00,1.056526981727823111e+00,0.000000000000000000e+00
8.868302875109554950e-01,1.621328835132954227e+00,0.000000000000000000e+00
2.463878413178003379e-01,1.942367396685097614e+00,0.000000000000000000e+00
-8.293963103613042342e-01,-1.474870519644455591e+00,0.000000000000000000e+00
-8.769293428758524467e-01,1.395896086269746927e+00,0.000000000000000000e+00
-4.267462469314297624e-01,1.889648140584364810e+00,0.000000000000000000e+00
-7.515886352789468150e-01,1.636539088952089882e+00,0.000000000000000000e+00
6.366089312727758465e-01,1.765090034327349233e+00,0.000000000000000000e+00
9.016767742202416169e-01,-1.586660855536631720e+00,0.000000000000000000e+00
-7.348102914637389960e-01,1.696860724711654278e+00,0.000000000000000000e+00
-5.029321656564037513e-01,1.822103106712807952e+00,0.000000000000000000e+00
-3.096232680653936420e-01,-2.007802865222507283e+00,0.000000000000000000e+00
7.024472324565759207e-01,-1.688879687105338423e+00,0.000000000000000000e+00
8.571916434181238165e-01,-1.508085833529415609e+00,0.000000000000000000e+00
6.371219672314493154e-01,1.701239322483077299e+00,0.000000000000000000e+00
-8.905189187035642551e-01,1.442026714683353861e+00,0.000000000000000000e+00
6.862904481834396497e-01,-1.691054368497976412e+00,0.000000000000000000e+00
-9.671168730285182313e-01,1.369757647299723935e+00,0.000000000000000000e+00
6.539486413909517681e-01,-1.831300769485510349e+00,0.000000000000000000e+00
-5.777995229756618389e-01,1.931164778129683235e+00,0.000000000000000000e+00
2.075219637907224912e-01,1.836175077549027979e+00,0.000000000000000000e+00
-9.622867212867668441e-01,1.341852533251512103e+00,0.000000000000000000e+00
-3.639636984297325295e-01,2.077910048344259408e+00,0.000000000000000000e+00
-3.449147669505235880e-01,1.910332986917526732e+00,0.000000000000000000e+00
3.847214414917117242e-01,-1.859033385388116466e+00,0.000000000000000000e+00
3.262589622951315993e-02,1.988317117493956010e+00,0.000000000000000000e+00
-8.574176563507499571e-01,-1.664065517434251573e+00,0.000000000000000000e+00
8.236610931860018914e-01,-1.450846945577451086e+00,0.000000000000000000e+00
6.587373083320277600e-02,1.942052338639265630e+00,0.000000000000000000e+00
8.900118814682035362e-01,-1.502742449689612680e+00,0.000000000000000000e+00
-1.650455196116284162e-01,1.948461376037731174e+00,0.000000000000000000e+00
-2.225671868926431748e-02,-1.981451129224439223e+00,0.000000000000000000e+00
-3.189270703784914396e-01,1.976657620315819930e+00,0.000000000000000000e+00
-9.536873094693931741e-01,-1.465035024591141877e+00,0.000000000000000000e+00
-4.178344600653106644e-01,1.902945035835482024e+00,0.000000000000000000e+00
-4.161122405741067842e-01,2.015552581887857020e+00,0.000000000000000000e+00
-9.656234007498080141e-01,1.272035541176603113e+00,0.000000000000000000e+00
2.443597826259313599e-01,-2.042943357307705821e+00,0.000000000000000000e+00
1.656360123353743941e-01,-1.949497342147896717e+00,0.000000000000000000e+00
-8.004225759444288935e-01,1.525251625615922979e+00,0.000000000000000000e+00
-9.915816476393242151e-01,-1.160933199870826327e+00,0.000000000000000000e+00
-2.812105051372921216e-01,-1.933793629030331251e+00,0.000000000000000000e+00
9.829824549762814501e-01,1.318045762322223702e+00,0.000000000000000000e+00
-1.019190839781545233e+00,-1.099053766275268629e+00,0.000000000000000000e+00
9.402657114597260390e-01,-1.179745841638631276e+00,0.000000000000000000e+00
-2.232975667599262082e-01,2.050181768426979190e+00,0.000000000000000000e+00
8.703344780701990357e-01,1.287543462821585605e+00,0.000000000000000000e+00
1.023931983892034436e+00,1.077697325908532733e+00,0.000000000000000000e+00
7.095383119763557511e-01,1.846081958472028051e+00,0.000000000000000000e+00
-9.867866915030018005e-01,1.273975521046441406e+00,0.000000000000000000e+00
-1.013318040671026932e+00,1.237835415693239849e+00,0.000000000000000000e+00
4.144164615956790754e-01,1.872660264459989676e+00,0.000000000000000000e+00
-9.049253314783075597e-01,-1.494326042469890758e+00,0.000000000000000000e+00
-9.525750590596222533e-01,-1.261451716557036695e+00,0.000000000000000000e+00
-5.853837269573206603e-01,-1.811516505604835903e+00,0.000000000000000000e+00
3.586080534511348339e-01,-1.931738127245586467e+00,0.000000000000000000e+00
7.815504678819019668e-01,1.662930994741382618e+00,0.000000000000000000e+00
8.819360722384224083e-01,-1.399596690009238698e+00,0.000000000000000000e+00
2.265963824990710473e-01,1.970414849865445905e+00,0.000000000000000000e+00
1.002934601121542313e+00,1.361879773034876617e+00,0.000000000000000000e+00
6.858782189195569146e-01,-1.660550839865100770e+00,0.000000000000000000e+00
-5.464912314881675837e-01,-1.835046162691345684e+00,0.000000000000000000e+00
9.618275604615933450e-01,1.137991858013161606e+00,0.000000000000000000e+00
-9.014850573923691712e-01,1.034096744820412361e+00,0.000000000000000000e+00
7.145546504155601830e-02,-1.991829214935944004e+00,0.000000000000000000e+00
4.510100079170386023e-01,1.902039943732561689e+00,0.000000000000000000e+00
9.592308454399753881e-01,1.321880825440767904e+00,0.000000000000000000e+00
1.833005008883156761e-01,-2.014545195515865306e+00,0.000000000000000000e+00
-7.058329902299097514e-01,1.663754637534007097e+00,0.000000000000000000e+00
-7.531139626094999207e-01,1.666642346622291493e+00,0.000000000000000000e+00
2.647804276910019697e-02,1.970608778586368404e+00,0.000000000000000000e+00
-8.273423613587620462e-01,1.571962781617066263e+00,0.000000000000000000e+00
-8.137323291145754922e-01,1.623701154524014090e+00,0.000000000000000000e+00
-9.783600762361618353e-01,1.323894313391891897e+00,0.000000000000000000e+00
-9.667468298760896195e-01,1.178875926525843942e+00,0.000000000000000000e+00
-8.120517648762002327e-01,1.598802226375884761e+00,0.000000000000000000e+00
-6.756924415268823481e-01,-1.780430472313193180e+00,0.000000000000000000e+00
-9.082502919660572216e-01,-1.345075176489749502e+00,0.000000000000000000e+00
-5.670132664328634275e-01,-1.780404390522006830e+00,0.000000000000000000e+00
-1.004466894485920747e+00,1.261677278675886305e+00,0.000000000000000000e+00
2.137568563103115493e-01,-1.974422951661728876e+00,0.000000000000000000e+00
2.825432141928895802e-01,-2.009552287638532775e+00,0.000000000000000000e+00
3.657650812063145684e-01,-2.018795189020152758e+00,0.000000000000000000e+00
4.585454954026397245e-01,1.888408141453112421e+00,0.000000000000000000e+00
2.305604530554425102e-01,-2.007498832042504677e+00,0.000000000000000000e+00
4.879311433748225180e-01,-1.963285501648186049e+00,0.000000000000000000e+00
-5.569397794480586139e-01,-1.831376988435338360e+00,0.000000000000000000e+00
-9.492962423012936135e-01,1.084650911672125018e+00,0.000000000000000000e+00
5.017534101824794313e-01,1.934613179377788095e+00,0.000000000000000000e+00
9.854875726772643896e-02,1.976996563300976728e+00,0.000000000000000000e+00
1.008674000691605510e+00,-1.040483789578478646e+00,0.000000000000000000e+00
9.576275798696756159e-01,-1.413060122951325104e+00,0.000000000000000000e+00
-7.189317242672574881e-01,1.810388497260659202e+00,0.000000000000000000e+00
2.325640954145760386e-01,-2.000722891531274250e+00,0.000000000000000000e+00
-7.676525694119831211e-01,-1.712985080562495099e+00,0.000000000000000000e+00
-1.013556308215447510e+00,-1.102753148585044807e+00,0.000000000000000000e+00
-9.308703681656256279e-01,-1.025997304584908010e+00,0.000000000000000000e+00
1.067426110479909429e+00,-1.399192755516328823e+00,0.000000000000000000e+00
6.989544291132823162e-01,1.605409886454358892e+00,0.000000000000000000e+00
-5.870014345196979955e-01,-1.798815889257494804e+00,0.000000000000000000e+00
2.228840199192860250e-01,-1.932946467398734436e+00,0.000000000000000000e+00
-9.656556987033080297e-01,-1.287362489227744877e+00,0.000000000000000000e+00
1.058391650248655225e+00,1.140765648761981499e+00,0.000000000000000000e+00
1.058814380019162504e+00,1.191608565196969005e+00,0.000000000000000000e+00
1.022575879638889296e+00,1.305741384976905950e+00,0.000000000000000000e+00
-1.026215672201251872e+00,-1.092290622229718622e+00,0.000000000000000000e+00
6.866673879715368134e-02,1.971842332432414358e+00,0.000000000000000000e+00
-7.958579111837682518e-01,1.578973440447498877e+00,0.000000000000000000e+00
-8.944746845593507523e-01,-1.242193091945011929e+00,0.000000000000000000e+00
9.719984717987454337e-01,-1.309891928972151787e+00,0.000000000000000000e+00
6.709010756255685548e-01,-1.796492393697525891e+00,0.000000000000000000e+00
-3.964153552041556616e-01,-1.864452864942203192e+00,0.000000000000000000e+00
-7.059836388199034474e-01,1.659270238873581826e+00,0.000000000000000000e+00
-5.121899812299770538e-01,1.908340848264980849e+00,0.000000000000000000e+00
-6.307085115857691271e-01,1.862602406978846492e+00,0.000000000000000000e+00
7.650405159019795232e-01,-1.558990711073845903e+00,0.000000000000000000e+00
-6.033791435837294603e-01,1.808470142013378856e+00,0.000000000000000000e+00
-2.112721356725039967e-01,1.894580510694621633e+00,0.000000000000000000e+00
-8.953678918391533292e-01,1.148342565185888287e+00,0.000000000000000000e+00
6.948573728273135242e-01,-1.801947152405083186e+00,0.000000000000000000e+00
-1.031608142006411155e+00,1.136031421867981006e+00,0.000000000000000000e+00
-8.670002515191584935e-01,1.580528776918903811e+00,0.000000000000000000e+00
8.959017492284018225e-01,-1.495298541164109096e+00,0.000000000000000000e+00
9.861107769858448169e-01,-1.528379092689477137e+00,0.000000000000000000e+00
9.536853899748491958e-01,1.181911043729833244e+00,0.000000000000000000e+00
7.026302600746067162e-01,1.627889537199179282e+00,0.000000000000000000e+00
2.053431246741670713e-01,-2.079746913667095409e+00,0.000000000000000000e+00
-4.298253419562559907e-01,1.861173835443457270e+00,0.000000000000000000e+00
-7.953321073211168102e-01,-1.750664599918885234e+00,0.000000000000000000e+00
-3.864631709923621039e-01,1.924202977424814387e+00,0.000000000000000000e+00
1.026054541193459402e+00,-1.215441322472939234e+00,0.000000000000000000e+00
-4.106438833614866613e-01,1.936979736298800825e+00,0.000000000000000000e+00
1.084386169990484011e-01,-2.056342808646870246e+00,0.000000000000000000e+00
4.582536956519461246e-01,1.763516907264366607e+00,0.000000000000000000e+00
5.229143958400942482e-01,-1.823048758903209610e+00,0.000000000000000000e+00
-8.810164725917130069e-01,-1.502230263972159863e+00,0.000000000000000000e+00
-3.305483737008192424e-01,-1.866500882931664718e+00,0.000000000000000000e+00
-1.042443827888344332e+00,1.026093919441577018e+00,0.000000000000000000e+00
1.070764680306883543e+00,1.128822572845161520e+00,0.000000000000000000e+00
2.176760116192012762e-01,1.924664857765169490e+00,0.000000000000000000e+00
5.451417013787770438e-01,-1.888441359128562702e+00,0.000000000000000000e+00
-4.039426681719764448e-03,-2.014388910569934854e+00,0.000000000000000000e+00
-5.826673969826683397e-01,-1.727263216853706096e+00,0.000000000000000000e+00
8.734686786140767323e-01,-1.459644944208806638e+00,0.000000000000000000e+00
9.310388417009856088e-01,-1.323393378701914758e+00,0.000000000000000000e+00
9.285513999663723705e-01,1.258506574958397239e+00,0.000000000000000000e+00
2.965192799462642581e-01,-1.942937784534437995e+00,0.000000000000000000e+00
7.027095294663519010e-01,-1.655712482144801267e+00,0.000000000000000000e+00
-6.259518808658204314e-01,1.841737360272232005e+00,0.000000000000000000e+00
-9.911997695588583568e-01,-1.142423784018443689e+00,0.000000000000000000e+00
-3.364932824120323018e-01,1.924347709582159949e+00,0.000000000000000000e+00
-9.902542414116524139e-01,-1.051519282648035514e+00,0.000000000000000000e+00
-2.337792629304107916e-01,-2.110375859750370342e+00,0.000000000000000000e+00
-8.677013353793934236e-01,-1.580724554210038768e+00,0.000000000000000000e+00
-9.513882918704216207e-01,-1.133625117917785863e+00,0.000000000000000000e+00
-8.457686104883017641e-01,-1.669137995307097055e+00,0.000000000000000000e+00
8.483040206624771207e-01,1.307848298264400633e+00,0.000000000000000000e+00
7.897491068797471425e-02,1.988786219451164738e+00,0.000000000000000000e+00
-9.046204186449078311e-01,1.274867170644373493e+00,0.000000000000000000e+00
8.613018957076785664e-01,-1.424767602828503898e+00,0.000000000000000000e+00
-9.116532648276296502e-01,1.265779172625306703e+00,0.000000000000000000e+00
-8.005349491245773441e-01,-1.676400083088076753e+00,0.000000000000000000e+00
9.472686381059247651e-01,-1.267915985136882417e+00,0.000000000000000000e+00
-9.056471976238216204e-01,1.507612496282086267e+00,0.000000000000000000e+00
4.216317843962595902e-01,-1.937968672596908748e+00,0.000000000000000000e+00
-1.119285787936043164e+00,-1.046882220323163137e+00,0.000000000000000000e+00
1.034899381835427068e+00,-1.345853727961493496e+00,0.000000000000000000e+00
3.357129590628635807e-01,-1.879481657372353620e+00,0.000000000000000000e+00
-9.593233985890652349e-01,-1.315774379224267099e+00,0.000000000000000000e+00
-8.951983137248524791e-01,-1.583419125841427411e+00,0.000000000000000000e+00
-6.324897952646206800e-01,1.892241408505802358e+00,0.000000000000000000e+00
-1.020189979099104027e+00,1.089323306076646292e+00,0.000000000000000000e+00
6.806585706309057349e-01,1.823045016669998297e+00,0.000000000000000000e+00
4.997282928766633159e-01,1.856051248771484863e+00,0.000000000000000000e+00
-9.825350695563486170e-01,-1.302077662921840240e+00,0.000000000000000000e+00
-9.265615497067494211e-01,-1.496222259282757205e+00,0.000000000000000000e+00
-1.059260716299149419e+00,-1.137785733283645184e+00,0.000000000000000000e+00
8.904145091042217075e-01,-1.479687473912577156e+00,0.000000000000000000e+00
-7.807175747177811376e-01,-1.678976063916219452e+00,0.000000000000000000e+00
-9.933195389152319477e-01,1.067691076956198248e+00,0.000000000000000000e+00
-8.914265325654216476e-02,-1.880540907023912078e+00,0.000000000000000000e+00
-8.527718012755758359e-04,-2.015161516089256644e+00,0.000000000000000000e+00
6.384296727293783391e-01,1.724700286313634701e+00,0.000000000000000000e+00
2.231745638680763533e-01,-1.844645839582620850e+00,0.000000000000000000e+00
-6.090546770743832106e-01,1.840108394792483892e+00,0.000000000000000000e+00
1.020678454226672693e+00,1.015816343244133169e+00,0.000000000000000000e+00
-7.160158196762959060e-01,-1.719866233217873353e+00,0.000000000000000000e+00
1.950175906754623156e-01,1.966713733527940766e+00,0.000000000000000000e+00
7.039989284679024628e-01,-1.768918703534637649e+00,0.000000000000000000e+00
-7.991976600787206175e-01,-1.498308667176437847e+00,0.000000000000000000e+00
-6.628965813328673296e-01,1.635644756237296438e+00,0.000000000000000000e+00
9.311267806859473140e-02,1.945267729425780301e+00,0.000000000000000000e+00
-1.034526771670027268e+00,1.367883981627964651e+00,0.000000000000000000e+00
-8.282281454715634261e-01,1.521479865025347822e+00,0.000000000000000000e+00
9.433634281307955449e-01,1.099598985016934316e+00,0.000000000000000000e+00
4.570095242440975342e-02,-1.984762198673945210e+00,0.000000000000000000e+00
2.279323193094930922e-01,1.961976382802147256e+00,0.000000000000000000e+00
6.303240240307661502e-01,-1.822998580666834290e+00,0.000000000000000000e+00
7.184080956558902553e-01,1.788364092971800101e+00,0.000000000000000000e+00
5.907846808632937208e-01,-1.824593181533746833e+00,0.000000000000000000e+00
-6.923936278662614630e-01,1.649001811966579467e+00,0.000000000000000000e+00
6.027233158736410301e-01,-1.680956302662073520e+00,0.000000000000000000e+00
8.805405737102052210e-01,1.518387286571536432e+00,0.000000000000000000e+00
-5.218110943074804053e-01,-1.902465485957699931e+00,0.000000000000000000e+00
-5.758642813542323990e-01,-1.797781497999959566e+00,0.000000000000000000e+00
2.907880290861620046e-02,-1.894671670493432103e+00,0.000000000000000000e+00
9.121349213065087502e-01,-1.043518425691097429e+00,0.000000000000000000e+00
-7.205399137445245294e-01,1.686099631675949562e+00,0.000000000000000000e+00
-7.392994017069964841e-01,-1.657153571039472473e+00,0.000000000000000000e+00
-4.106110542256691809e-01,-1.850665199886282863e+00,0.000000000000000000e+00
-9.064164429968295522e-01,-1.495315213821023281e+00,0.000000000000000000e+00
-4.528684164450513250e-01,1.917574926351909959e+00,0.000000000000000000e+00
1.172055932503965059e-01,1.946111128272312696e+00,0.000000000000000000e+00
4.012199187664445277e-01,1.926022277395096349e+00,0.000000000000000000e+00
-6.975527361065344545e-01,1.600829434506630511e+00,0.000000000000000000e+00
-8.200169799425079953e-01,-1.497525913830433542e+00,0.000000000000000000e+00
8.667703726829230071e-01,-1.445293200288811919e+00,0.000000000000000000e+00
-1.029606654641763930e+00,-1.077750366281277072e+00,0.000000000000000000e+00
9.273770764831705815e-01,1.201666945439668233e+00,0.000000000000000000e+00
9.655722850378322120e-01,1.168356851814545516e+00,0.000000000000000000e+00
5.417407662388102896e-01,1.822447113213936376e+00,0.000000000000000000e+00
-5.111461766291339748e-01,1.943733050099575976e+00,0.000000000000000000e+00
8.822213531920223284e-01,-1.572666597633349150e+00,0.000000000000000000e+00
9.026968841903023621e-01,-1.371668277249499246e+00,0.000000000000000000e+00
-8.503666234296722859e-01,-1.428955759585771146e+00,0.000000000000000000e+00
7.486367662423553115e-01,-1.450020769911847696e+00,0.000000000000000000e+00
2.224035598736404801e-02,-1.951058376868205491e+00,0.000000000000000000e+00
9.864403446375503703e-01,-1.047316747348678412e+00,0.000000000000000000e+00
9.557927962210548412e-01,-1.415106138823732262e+00,0.000000000000000000e+00
-8.275645886492472014e-02,1.987359884775001140e+00,0.000000000000000000e+00
-9.389901973433824323e-02,2.007998686753464046e+00,0.000000000000000000e+00
7.771575678463104042e-01,-1.645856977258091103e+00,0.000000000000000000e+00
-1.053801859156087817e+00,-1.094428880338669696e+00,0.000000000000000000e+00
8.166831507603519169e-01,1.512276987916967519e+00,0.000000000000000000e+00
-1.998691320013182560e-01,-1.887157880911692898e+00,0.000000000000000000e+00
3.894388687513292147e-01,-2.007125844373229384e+00,0.000000000000000000e+00
-1.066961076370731565e+00,1.413376697078787547e+00,0.000000000000000000e+00
-6.447089169583648527e-01,-1.904588239292852814e+00,0.000000000000000000e+00
-9.646316859231314211e-01,1.475395330654339698e+00,0.000000000000000000e+00
6.602585584684972364e-01,1.790138761544127322e+00,0.000000000000000000e+00
-7.305757794916691028e-02,1.960723536344138429e+00,0.000000000000000000e+00
-5.198868583429232526e-01,1.738821123567533045e+00,0.000000000000000000e+00
8.978484467264608027e-01,-1.375423374996300296e+00,0.000000000000000000e+00
-5.464269922627489340e-01,-1.920324641484027151e+00,0.000000000000000000e+00
-5.880242601448424367e-01,-1.825385639540772820e+00,0.000000000000000000e+00
2.071355303310820628e-01,-1.948026660381271258e+00,0.000000000000000000e+00
3.934832698396695250e-01,-1.965296685979850411e+00,0.000000000000000000e+00
2.509214220068436418e-01,-2.080763413982436916e+00,0.000000000000000000e+00
-8.953364441191807854e-01,1.012797303855898612e+00,0.000000000000000000e+00
-1.426890902609858902e-01,1.969193131806338481e+00,0.000000000000000000e+00
-2.065224899991292273e-01,-1.981431185168992082e+00,0.000000000000000000e+00
-9.195939355666350457e-01,-1.376552029009044054e+00,0.000000000000000000e+00
-7.914734405518240035e-01,1.715371081984734758e+00,0.000000000000000000e+00
7.871575654283665680e-01,1.552146490485138974e+00,0.000000000000000000e+00
6.946107752891297338e-01,-1.589643830584340334e+00,0.000000000000000000e+00
-7.469045691528497510e-01,-1.746098843212327445e+00,0.000000000000000000e+00
-9.987624879008115408e-02,-2.075229612261280110e+00,0.000000000000000000e+00
9.579318594423208433e-01,1.140652001184464082e+00,0.000000000000000000e+00
2.980224335000029035e-01,1.915391572982788837e+00,0.000000000000000000e+00
6.893751996298934648e-01,-1.752585202441580003e+00,0.000000000000000000e+00
9.651214546024715624e-01,-1.275187297597106362e+00,0.000000000000000000e+00
-7.139615838397282976e-01,-1.622874609431604886e+00,0.000000000000000000e+00
8.620126535661766232e-01,-1.472517311128586304e+00,0.000000000000000000e+00
-9.815194530518528415e-01,1.006841849774858355e+00,0.000000000000000000e+00
1.277734542401340878e-01,-1.970329186849811176e+00,0.000000000000000000e+00
-8.386616993438308354e-01,-1.564665882057270307e+00,0.000000000000000000e+00
1.478233496987390594e-01,2.033771866486233204e+00,0.000000000000000000e+00
5.115496554682220642e-01,-1.890451247228740028e+00,0.000000000000000000e+00
9.700864223026548494e-01,-1.443473574243552715e+00,0.000000000000000000e+00
-2.430690480357271532e-01,1.955512003274541666e+00,0.000000000000000000e+00
-9.237755606569394429e-01,1.410876204188736827e+00,0.000000000000000000e+00
2.535403611858600414e-01,2.079755017707650033e+00,0.000000000000000000e+00
-8.453634182217553694e-02,-2.035808414595556837e+00,0.000000000000000000e+00
5.254396492951307618e-01,1.850119886266380353e+00,0.000000000000000000e+00
4.608455429987808882e-01,1.878591553064111297e+00,0.000000000000000000e+00
-9.510200159058591618e-01,-1.412206272424870290e+00,0.000000000000000000e+00
-1.120961498992105509e+00,1.050355183332084108e+00,0.000000000000000000e+00
-9.468430464621584441e-01,1.134464328389553467e+00,0.000000000000000000e+00
-6.620613586346536517e-01,1.709577359972414889e+00,0.000000000000000000e+00
7.962635319550565027e-01,-1.669171965653729162e+00,0.000000000000000000e+00
9.488672487197348238e-01,1.259888405407380896e+00,0.000000000000000000e+00
7.733071521355402433e-01,1.642560167133920057e+00,0.000000000000000000e+00
-6.029969241372076239e-01,1.805383855137100868e+00,0.000000000000000000e+00
6.691342944474659715e-01,1.816637766355287953e+00,0.000000000000000000e+00
6.374816827810008135e-01,-1.751688587759534510e+00,0.000000000000000000e+00
-5.829802827580531366e-01,1.938338004164369632e+00,0.000000000000000000e+00
9.465387806445786367e-01,-1.086015593630383247e+00,0.000000000000000000e+00
-7.306053214273618979e-01,-1.519052666169693255e+00,0.000000000000000000e+00
1.497119447236459344e-01,1.983458846908604079e+00,0.000000000000000000e+00
6.047542709808264583e-01,1.755215032811654696e+00,0.000000000000000000e+00
-4.105242936706847423e-02,2.077716572764897407e+00,0.000000000000000000e+00
8.003545914510052928e-01,1.615614308216462014e+00,0.000000000000000000e+00
9.837061936229607451e-01,-1.076008156284009809e+00,0.000000000000000000e+00
-7.774097803086751357e-01,1.481003299919833704e+00,0.000000000000000000e+00
-1.013024836614086599e+00,1.105444423789741393e+00,0.000000000000000000e+00
8.479761595006471975e-01,1.430271320574077132e+00,0.000000000000000000e+00
-9.825300262851506261e-01,1.338075497625239585e+00,0.000000000000000000e+00
-2.404388619304357877e-01,-1.972421131058204713e+00,0.000000000000000000e+00
-9.177380790609434014e-01,-1.246415538696635128e+00,0.000000000000000000e+00
9.046004903884572457e-01,-1.242370361273464896e+00,0.000000000000000000e+00
3.275381593010491810e-01,1.932622806998382403e+00,0.000000000000000000e+00
1.311932629959683128e-01,1.947924247666920738e+00,0.000000000000000000e+00
-1.142328835882596705e-01,1.981476871952198016e+00,0.000000000000000000e+00
8.911965321589998545e-01,1.303352711504620842e+00,0.000000000000000000e+00
-5.930720339274315744e-01,1.871511719056654366e+00,0.000000000000000000e+00
-4.014505998108280349e-01,1.926262405495372310e+00,0.000000000000000000e+00
2.857687468863114380e-02,1.954450265113444107e+00,0.000000000000000000e+00
9.684823069111383465e-01,-1.245996093077124556e+00,0.000000000000000000e+00
6.894163364195137200e-01,1.781123761914292336e+00,0.000000000000000000e+00
